01010101;[0.23132085230663793, 0.25283907112586007, 0.25821862583066557, 0.2797368446498877, 0.30663461817391535, 0.32815283699313746, 0.3765688293363873, 0.9946204452951946, 1.0]
01010102;[0.20929299146275, 0.2558025451211389, 0.2558025451211389, 0.2906847103649306, 0.32992714626419617, 0.35027507598974134, 0.3822503941298837, 0.9985465764481753, 1.0]
01010103;[0.21156689605189494, 0.2527667652830535, 0.25388027526227397, 0.28617206465966843, 0.32403140395316554, 0.34518809355835506, 0.38193392287263156, 0.9977729800415589, 1.0]
01010100;[0.21156689605189494, 0.2527667652830535, 0.25388027526227397, 0.28617206465966843, 0.32403140395316554, 0.34518809355835506, 0.38193392287263156, 0.9977729800415589, 1.0]
01010201;[0.22643023659557143, 0.262951242498083, 0.262951242498083, 0.2702554436785853, 0.335993254303106, 0.37981846138611985, 0.41633946728863136, 0.9853915976389955, 1.0]
01010202;[0.21983518116074893, 0.25793994589527874, 0.25793994589527874, 0.2945791427554036, 0.36199526497803325, 0.3913066224661331, 0.414755708456613, 0.9970688642511901, 1.0]
01010203;[0.22218087558707544, 0.25981807309089694, 0.25981807309089694, 0.2913847548682956, 0.35816042785894675, 0.3897271096363455, 0.41522327568732137, 0.9951435874188619, 1.0]
01010200;[0.22218087558707544, 0.25981807309089694, 0.25981807309089694, 0.2913847548682956, 0.35816042785894675, 0.3897271096363455, 0.41522327568732137, 0.9951435874188619, 1.0]
01010301;[0.20327303743212274, 0.22294462169974755, 0.22950181645562245, 0.24917340072324723, 0.26228779023499704, 0.2950737640143717, 0.3803172958407457, 1.0, 1.0]
01010302;[0.18289967981269872, 0.21316365560904452, 0.21316365560904452, 0.24211180637076657, 0.2815865574094786, 0.30132393292883447, 0.3539569343137838, 0.9986841749653762, 1.0]
01010303;[0.18489139311647326, 0.21284009207594012, 0.2139150420359196, 0.240788791035407, 0.2784120396346894, 0.29991103883427933, 0.3579583366731721, 0.9989250500400203, 1.0]
01010300;[0.18489139311647326, 0.21284009207594012, 0.2139150420359196, 0.240788791035407, 0.2784120396346894, 0.29991103883427933, 0.3579583366731721, 0.9989250500400203, 1.0]
01010401;[0.22757847861913755, 0.2583323270811832, 0.2644830967735923, 0.2952369452356379, 0.3382923330825018, 0.3751969512369565, 0.43055387846863863, 1.0, 1.0]
01010402;[0.21622987538384753, 0.2533943852154463, 0.2567729770183189, 0.29224819094848137, 0.3463056597944432, 0.36826650651311527, 0.4155667917533319, 0.9881749286899459, 1.0]
01010403;[0.21819223555428308, 0.253681334108293, 0.2576245672809608, 0.2917992547774148, 0.34306128602209573, 0.3680350961156582, 0.4179827163027832, 0.9894847115395526, 1.0]
01010400;[0.21819223555428308, 0.253681334108293, 0.2576245672809608, 0.2917992547774148, 0.34306128602209573, 0.3680350961156582, 0.4179827163027832, 0.9894847115395526, 1.0]
01010501;[0.16815346384688643, 0.17309915396003017, 0.17309915396003017, 0.22255605509146736, 0.29674140678862315, 0.3363069276937729, 0.5143517717669468, 1.0, 1.0]
01010502;[0.18483953079396706, 0.2371526055469766, 0.23889637470541022, 0.30690337188432265, 0.35921644663733227, 0.3836292148554035, 0.5283620550053966, 0.9947686925246992, 1.0]
01010503;[0.05215455028406103, 0.26077275142030515, 0.26077275142030515, 0.36508185198842724, 0.36508185198842724, 0.36508185198842724, 0.4693909525565494, 1.0, 1.0]
01010500;[0.17661944866938573, 0.22046115578589992, 0.22171377598922892, 0.2868500265623357, 0.34321793571213965, 0.37077558018537715, 0.5235952449915124, 0.9962421393900132, 1.0]
01010601;[0.0975609756097561, 0.10569105691056913, 0.10569105691056913, 0.21138211382113825, 0.44715447154471555, 0.46341463414634154, 0.991869918699187, 0.991869918699187, 1.0]
01010602;[0.07289293849658315, 0.0865603644646925, 0.08883826879271073, 0.3644646924829157, 0.5398633257403189, 0.5945330296127563, 0.9863325740318908, 0.9863325740318908, 1.0]
01010603;[0.0, 0.0, 0.0, 0.2857142857142857, 0.6428571428571428, 0.6428571428571428, 1.0, 1.0, 1.0]
01010600;[0.07612456747404846, 0.08823529411764708, 0.08996539792387545, 0.32871972318339104, 0.5207612456747406, 0.5657439446366783, 0.9878892733564014, 0.9878892733564014, 1.0]
01010701;[0.04236124457240614, 0.04561980184720662, 0.05539547367160804, 0.06517114549600946, 0.14011796281642036, 0.1694449782896246, 0.3291142847548477, 0.9967414427251995, 1.0]
01010702;[0.04001883119595213, 0.05421906162032223, 0.05550999165890134, 0.07487394223758786, 0.1303839338964892, 0.153620674590913, 0.3266052997605125, 0.9948362798456837, 1.0]
01010703;[0.0, 0.04040611020752586, 0.04040611020752586, 0.04040611020752586, 0.12121833062257759, 0.12121833062257759, 0.28284277145268105, 1.0, 1.0]
01010700;[0.039773352329555665, 0.05152457006328801, 0.05514032936597489, 0.07141124622806584, 0.13287915437374279, 0.15728552966687923, 0.3263222770674908, 0.9954803008716414, 1.0]
01010801;[0.018620762596122303, 0.0558622877883669, 0.0558622877883669, 0.0558622877883669, 0.1117245755767338, 0.1303453381728561, 0.4282775397108129, 1.0, 1.0]
01010802;[0.027065061912968463, 0.04330409906074954, 0.04330409906074954, 0.054130123825936925, 0.14615133433002972, 0.17862940862559187, 0.4438670153726828, 0.9945869876174063, 1.0]
01010803;[0.024501003415950396, 0.04900200683190079, 0.04900200683190079, 0.05716900797055092, 0.13883901935705226, 0.16742352334232774, 0.4369345609177822, 0.9918329988613499, 1.0]
01010800;[0.024501003415950396, 0.04900200683190079, 0.04900200683190079, 0.05716900797055092, 0.13883901935705226, 0.16742352334232774, 0.4369345609177822, 0.9918329988613499, 1.0]
01010001;[0.13828654575061416, 0.1533474566739484, 0.15745497783485776, 0.18415386538076842, 0.24782044337486306, 0.2758885046410769, 0.41417505039169106, 0.9965770656992423, 1.0]
01010002;[0.1430420203610984, 0.17281811439544947, 0.17379118936389235, 0.22614262266611748, 0.28491635076006544, 0.309048609977448, 0.4149191665440296, 0.9951346251577858, 1.0]
01010003;[0.07223571696771584, 0.12841905238705037, 0.12841905238705037, 0.18460238780638488, 0.2809166770966727, 0.2809166770966727, 0.4013095387095324, 0.9839476184516187, 1.0]
01010000;[0.14042762608363918, 0.16744435752890593, 0.1690772369019715, 0.21598540798276428, 0.27640194478619046, 0.30104357896154366, 0.4146029171792857, 0.9952498054601728, 1.0]
01020101;[0.0, 0.03765688293363873, 0.03765688293363873, 0.03765688293363873, 0.18828441466819365, 0.2635981805354711, 0.37656882933638725, 1.0, 1.0]
01020102;[0.011835020350572168, 0.017752530525858255, 0.017752530525858255, 0.12426771368100778, 0.2367004070114434, 0.26628795788787385, 0.3728031410430234, 0.994082489824714, 1.0]
01020103;[0.013308456619117302, 0.01663557077389663, 0.019962684928675957, 0.12143966664944536, 0.2445428903762804, 0.2578513469953977, 0.34934698625182914, 0.9933457716904414, 1.0]
01020100;[0.012514371971904109, 0.017520120760665753, 0.020022995155046575, 0.12013797093027946, 0.2415273790577493, 0.2602989370156054, 0.3554081640020766, 0.9937428140140481, 1.0]
01020201;[0.006070515726422824, 0.010926928307561081, 0.012141031452845648, 0.14569237743414776, 0.2780296202701653, 0.2962411674494338, 0.4006540379439064, 0.9927153811282926, 1.0]
01020202;[0.004976488716386184, 0.009952977432772368, 0.009952977432772368, 0.15924763892435786, 0.26873039068485394, 0.2886363455503987, 0.4030955860272809, 1.0, 1.0]
01020203;[0.004904626063441978, 0.009809252126883956, 0.009809252126883956, 0.14059928048533674, 0.2811985609706735, 0.2959124391609994, 0.39890958649328084, 0.990190747873116, 1.0]
01020200;[0.006070515726422824, 0.010926928307561081, 0.012141031452845648, 0.14569237743414776, 0.2780296202701653, 0.2962411674494338, 0.4006540379439064, 0.9927153811282926, 1.0]
01020301;[0.007363694645634941, 0.012623476535374184, 0.01367543291332203, 0.11361128881836768, 0.23248235952647456, 0.250365617951588, 0.3439897355889466, 0.9968441308661563, 1.0]
01020302;[0.02185731585291642, 0.03934316853524956, 0.04371463170583284, 0.13114389511749855, 0.22731608487033078, 0.23605901121149736, 0.34097412730549614, 0.9912570736588335, 1.0]
01020303;[0.0028406619881046614, 0.004260992982156993, 0.004260992982156993, 0.10936548654202946, 0.23719527600673918, 0.2556595789294195, 0.3451404315547163, 0.9985796690059476, 1.0]
01020300;[0.007363694645634941, 0.012623476535374184, 0.01367543291332203, 0.11361128881836768, 0.23248235952647456, 0.250365617951588, 0.3439897355889466, 0.9968441308661563, 1.0]
01020401;[0.007822174500128995, 0.019555436250322487, 0.022162827750365485, 0.1512287070024939, 0.30115371825496634, 0.32331654600533183, 0.4341306847571592, 0.994785216999914, 1.0]
01020402;[0.015150316926565634, 0.02525052821094272, 0.02525052821094272, 0.1565532749078449, 0.31310654981568975, 0.34340718366882106, 0.4444092965125919, 1.0, 1.0]
01020403;[0.005472547939253745, 0.018241826464179146, 0.02189019175701498, 0.15140715965268695, 0.3028143193053739, 0.3192319631231351, 0.42868292190821, 0.9927032694143283, 1.0]
01020400;[0.007822174500128995, 0.019555436250322487, 0.022162827750365485, 0.1512287070024939, 0.30115371825496634, 0.32331654600533183, 0.4341306847571592, 0.994785216999914, 1.0]
01020501;[0.09999999999999999, 0.3, 0.39999999999999997, 0.39999999999999997, 0.5, 0.7000000000000001, 0.9, 0.9, 1.0]
01020502;[0.016873530974255056, 0.02249804129900674, 0.02249804129900674, 0.2249804129900674, 0.3318461091603494, 0.38246670208311456, 0.517454949877155, 0.9775019587009932, 1.0]
01020503;[0.008594757350182341, 0.008594757350182341, 0.008594757350182341, 0.1847872830289203, 0.35023636201993036, 0.36742587672029503, 0.513536751673395, 0.9914052426498177, 1.0]
01020500;[0.012109763654346625, 0.016650925024726607, 0.018164645481519935, 0.1967836593831327, 0.34361454369208555, 0.3723752323711588, 0.5146649553097317, 0.9863765158888602, 1.0]
01020601;[0.0610206776789271, 0.0610206776789271, 0.0610206776789271, 0.3661240660735626, 0.610206776789271, 0.610206776789271, 0.9763308428628338, 1.0, 1.0]
01020602;[0.019607843137254905, 0.019607843137254905, 0.019607843137254905, 0.3431372549019608, 0.5098039215686274, 0.5392156862745098, 1.0, 1.0, 1.0]
01020603;[0.01337792642140468, 0.016722408026755852, 0.02675585284280936, 0.4013377926421404, 0.6187290969899665, 0.6655518394648829, 0.9765886287625418, 0.9765886287625418, 1.0]
01020600;[0.016786570743405272, 0.019184652278177453, 0.026378896882493993, 0.3860911270983213, 0.592326139088729, 0.6330935251798561, 0.9832134292565946, 0.9832134292565946, 1.0]
01020701;[0.0, 0.0, 0.0673435170125431, 0.0673435170125431, 0.10101527551881465, 0.2020305510376293, 0.33671758506271554, 0.9663282414937285, 1.0]
01020702;[0.0, 0.007088791264478221, 0.007088791264478221, 0.014177582528956442, 0.09215428643821688, 0.0992430777026951, 0.31899560690152, 0.992911208735522, 1.0]
01020703;[0.0019059485946946162, 0.0019059485946946162, 0.0019059485946946162, 0.028589228920419242, 0.11626286427637159, 0.13151045303392853, 0.3621302329919771, 0.9980940514053055, 1.0]
01020700;[0.0014277777458489703, 0.0028555554916979407, 0.005711110983395881, 0.027127777171130435, 0.10993888643037072, 0.1270722193805584, 0.3512333254788467, 0.9957166667624532, 1.0]
01020801;[0.0073891915063977395, 0.029556766025590958, 0.029556766025590958, 0.05172434054478417, 0.15517302163435254, 0.16256221314075028, 0.4211839158646712, 0.9926108084936024, 1.0]
01020802;[0.025862170272392085, 0.07758651081717624, 0.07758651081717624, 0.10344868108956833, 0.20689736217913668, 0.20689736217913668, 0.4396568946306654, 1.0, 1.0]
01020803;[0.0, 0.010826024765187386, 0.010826024765187386, 0.02165204953037477, 0.12991229718224864, 0.14073832194743602, 0.4113889410771207, 0.9891739752348128, 1.0]
01020800;[0.0073891915063977395, 0.029556766025590958, 0.029556766025590958, 0.05172434054478417, 0.15517302163435254, 0.16256221314075028, 0.4211839158646712, 0.9926108084936024, 1.0]
01020001;[0.018872394523096934, 0.03774478904619387, 0.06290798174365646, 0.11952516531294725, 0.20130554157970063, 0.28308591784645404, 0.41519267950813254, 0.9874184036512689, 1.0]
01020002;[0.012482372402763375, 0.021293458804713995, 0.022027716004876543, 0.1431801540316975, 0.24964744805526748, 0.2716751640601441, 0.4155895752920041, 0.9941259423986997, 1.0]
01020003;[0.006089992999778359, 0.009743988799645373, 0.011449186839583313, 0.1320310482351948, 0.2613824995504871, 0.2784344799498665, 0.41192712650500807, 0.9931792078402483, 1.0]
01020000;[0.007983368109999082, 0.013305613516665135, 0.015434511679331558, 0.13429799242820678, 0.25653222860130387, 0.2765793529664127, 0.4128288353770636, 0.9932584891515563, 1.0]
01030101;[0.12195121951219512, 0.12195121951219512, 0.5121951219512195, 0.5365853658536586, 0.6341463414634146, 0.6341463414634146, 1.0, 1.0, 1.0]
01030102;[0.12195121951219512, 0.12195121951219512, 0.5121951219512195, 0.5365853658536586, 0.6341463414634146, 0.6341463414634146, 1.0, 1.0, 1.0]
01030103;[0.12195121951219512, 0.12195121951219512, 0.5121951219512195, 0.5365853658536586, 0.6341463414634146, 0.6341463414634146, 1.0, 1.0, 1.0]
01030100;[0.12195121951219512, 0.12195121951219512, 0.5121951219512195, 0.5365853658536586, 0.6341463414634146, 0.6341463414634146, 1.0, 1.0, 1.0]
01030201;[0.019270658433665645, 0.019270658433665645, 0.13489460903565953, 0.16380059668615798, 0.23124790120398772, 0.23124790120398772, 0.39504849789014584, 1.0, 1.0]
01030202;[0.019270658433665645, 0.019270658433665645, 0.13489460903565953, 0.16380059668615798, 0.23124790120398772, 0.23124790120398772, 0.39504849789014584, 1.0, 1.0]
01030203;[0.019270658433665645, 0.019270658433665645, 0.13489460903565953, 0.16380059668615798, 0.23124790120398772, 0.23124790120398772, 0.39504849789014584, 1.0, 1.0]
01030200;[0.019270658433665645, 0.019270658433665645, 0.13489460903565953, 0.16380059668615798, 0.23124790120398772, 0.23124790120398772, 0.39504849789014584, 1.0, 1.0]
01030301;[0.036428859754860696, 0.05100040365680498, 0.11657235121555425, 0.13114389511749852, 0.17485852682333133, 0.1821442987743035, 0.34243128169569054, 0.9927142280490279, 1.0]
01030302;[0.036428859754860696, 0.05100040365680498, 0.11657235121555425, 0.13114389511749852, 0.17485852682333133, 0.1821442987743035, 0.34243128169569054, 0.9927142280490279, 1.0]
01030303;[0.036428859754860696, 0.05100040365680498, 0.11657235121555425, 0.13114389511749852, 0.17485852682333133, 0.1821442987743035, 0.34243128169569054, 0.9927142280490279, 1.0]
01030300;[0.036428859754860696, 0.05100040365680498, 0.11657235121555425, 0.13114389511749852, 0.17485852682333133, 0.1821442987743035, 0.34243128169569054, 0.9927142280490279, 1.0]
01030401;[0.06584941670696828, 0.06584941670696828, 0.14110589294350345, 0.16932707153220417, 0.22576942870960554, 0.23517648823917242, 0.4421317978896442, 1.0, 1.0]
01030402;[0.06584941670696828, 0.06584941670696828, 0.14110589294350345, 0.16932707153220417, 0.22576942870960554, 0.23517648823917242, 0.4421317978896442, 1.0, 1.0]
01030403;[0.06584941670696828, 0.06584941670696828, 0.14110589294350345, 0.16932707153220417, 0.22576942870960554, 0.23517648823917242, 0.4421317978896442, 1.0, 1.0]
01030400;[0.06584941670696828, 0.06584941670696828, 0.14110589294350345, 0.16932707153220417, 0.22576942870960554, 0.23517648823917242, 0.4421317978896442, 1.0, 1.0]
01030501;[0.03725325020290073, 0.03725325020290073, 0.09685845052754193, 0.10430910056812207, 0.20116755109566398, 0.21606885117682426, 0.4917429026782898, 1.0, 1.0]
01030502;[0.03677564443106867, 0.03677564443106867, 0.09561667552077854, 0.10297180440699227, 0.19858847992777084, 0.2132987377001983, 0.4927936353763203, 1.0, 1.0]
01030503;[0.03677564443106867, 0.03677564443106867, 0.09561667552077854, 0.10297180440699227, 0.19858847992777084, 0.2132987377001983, 0.4927936353763203, 1.0, 1.0]
01030500;[0.03677564443106867, 0.03677564443106867, 0.09561667552077854, 0.10297180440699227, 0.19858847992777084, 0.2132987377001983, 0.4927936353763203, 1.0, 1.0]
01030601;[0.04054054054054054, 0.04054054054054054, 0.05405405405405407, 0.12162162162162164, 0.2432432432432433, 0.27027027027027034, 0.9864864864864866, 0.9864864864864866, 1.0]
01030602;[0.04054054054054054, 0.04054054054054054, 0.05405405405405407, 0.12162162162162164, 0.2432432432432433, 0.27027027027027034, 0.9864864864864866, 0.9864864864864866, 1.0]
01030603;[0.04054054054054054, 0.04054054054054054, 0.05405405405405407, 0.12162162162162164, 0.2432432432432433, 0.27027027027027034, 0.9864864864864866, 0.9864864864864866, 1.0]
01030600;[0.04054054054054054, 0.04054054054054054, 0.05405405405405407, 0.12162162162162164, 0.2432432432432433, 0.27027027027027034, 0.9864864864864866, 0.9864864864864866, 1.0]
01030701;[0.01809228815262352, 0.024123050870164694, 0.0904614407631176, 0.10252296619819995, 0.14473830522098816, 0.16886135609115288, 0.35581500033492924, 1.0, 1.0]
01030702;[0.01809228815262352, 0.024123050870164694, 0.0904614407631176, 0.10252296619819995, 0.14473830522098816, 0.16886135609115288, 0.35581500033492924, 1.0, 1.0]
01030703;[0.01809228815262352, 0.024123050870164694, 0.0904614407631176, 0.10252296619819995, 0.14473830522098816, 0.16886135609115288, 0.35581500033492924, 1.0, 1.0]
01030700;[0.01809228815262352, 0.024123050870164694, 0.0904614407631176, 0.10252296619819995, 0.14473830522098816, 0.16886135609115288, 0.35581500033492924, 1.0, 1.0]
01030801;[0.07142857142857142, 0.07142857142857142, 0.07142857142857142, 0.07142857142857142, 0.14285714285714285, 0.14285714285714285, 1.0, 1.0, 1.0]
01030802;[0.07142857142857142, 0.07142857142857142, 0.07142857142857142, 0.07142857142857142, 0.14285714285714285, 0.14285714285714285, 1.0, 1.0, 1.0]
01030803;[0.07142857142857142, 0.07142857142857142, 0.07142857142857142, 0.07142857142857142, 0.14285714285714285, 0.14285714285714285, 1.0, 1.0, 1.0]
01030800;[0.07142857142857142, 0.07142857142857142, 0.07142857142857142, 0.07142857142857142, 0.14285714285714285, 0.14285714285714285, 1.0, 1.0, 1.0]
01030001;[0.03348280977260971, 0.03672308168608807, 0.10692897314478586, 0.1252905139878299, 0.18253531779261423, 0.1933362241708754, 0.4190751674765344, 0.9978398187243477, 1.0]
01030002;[0.03340530326850645, 0.036638074552555466, 0.10668145237361736, 0.1250004896498951, 0.18211278233476094, 0.1928886866149243, 0.41918267649835506, 0.9978448191439674, 1.0]
01030003;[0.03340530326850645, 0.036638074552555466, 0.10668145237361736, 0.1250004896498951, 0.18211278233476094, 0.1928886866149243, 0.41918267649835506, 0.9978448191439674, 1.0]
01030000;[0.03340530326850645, 0.036638074552555466, 0.10668145237361736, 0.1250004896498951, 0.18211278233476094, 0.1928886866149243, 0.41918267649835506, 0.9978448191439674, 1.0]
01000101;[0.15294487837662502, 0.16887663654085677, 0.2230446142992448, 0.23897637246347656, 0.28039894369047913, 0.29951705348755725, 0.3887348992072551, 0.9968136483671536, 1.0]
01000102;[0.1698790842455725, 0.20827641150655807, 0.20827641150655807, 0.2571457371114488, 0.3106692842025196, 0.3327768362618749, 0.38048260649522053, 0.99767288925691, 1.0]
01000103;[0.017660786182055372, 0.022477364231706834, 0.025688416264807813, 0.12523102929093807, 0.24725100654877516, 0.2600952146811791, 0.3516101976245569, 0.9935778959337982, 1.0]
01000100;[0.11382878152192405, 0.13659453782630884, 0.14714452245517012, 0.2082233808327879, 0.28318379793259163, 0.30206271779476446, 0.3720257737545812, 0.9961131635577882, 1.0]
01000201;[0.13506364989911274, 0.1549259513548646, 0.20656793513981944, 0.22245777630442096, 0.2899896012539774, 0.3217692835831804, 0.40916340998848855, 0.9920550794176993, 1.0]
01000202;[0.17095482862965639, 0.2015229105700585, 0.2015229105700585, 0.2637912256338406, 0.34077750607633495, 0.3679491344678035, 0.41210303060393993, 0.9977356976340443, 1.0]
01000203;[0.00808679416412755, 0.012938870662604079, 0.012938870662604079, 0.1439449361214704, 0.2830377957444642, 0.29759402523989376, 0.3994876317079009, 0.9902958470030471, 1.0]
01000200;[0.10836711575102911, 0.1283294791788503, 0.13574407130918387, 0.21559352502046852, 0.31312392919639476, 0.3365084120689853, 0.4072322139275516, 0.9942964675920511, 1.0]
01000301;[0.11705405514619706, 0.1333115628053911, 0.16582657812377918, 0.185335587314812, 0.21459910110136124, 0.2406111133560717, 0.3609166700341075, 0.9967484984681614, 1.0]
01000302;[0.14627588301567143, 0.17351346123238265, 0.17452226042559418, 0.21689182654047834, 0.2693493845874778, 0.28649897087207377, 0.3510621192376114, 0.9969736024203655, 1.0]
01000303;[0.005560871877773788, 0.006951089847217235, 0.006951089847217235, 0.10982721958603232, 0.2391174907442729, 0.2571903243470377, 0.3447740564219749, 0.9986097820305567, 1.0]
01000300;[0.09155328527070651, 0.10788441183250823, 0.11332812068644213, 0.17370380070279992, 0.2499157246578746, 0.2687212643351008, 0.35037689714410925, 0.9975255868845755, 1.0]
01000401;[0.1540835152142198, 0.17159300557947207, 0.20311008823692617, 0.23812906896743066, 0.287155641990137, 0.31867272464759105, 0.43773725913130634, 1.0, 1.0]
01000402;[0.1658273475383547, 0.1962079302934731, 0.1987396455230663, 0.25823495341850655, 0.3379839831506924, 0.3620352778318278, 0.4227964433420646, 0.9911389966964238, 1.0]
01000403;[0.007214436631697918, 0.019839700737169275, 0.023446919053018232, 0.15150316926565627, 0.3012027293733881, 0.31743521179470846, 0.4274553704281018, 0.9909819542103776, 1.0]
01000400;[0.10953704903752065, 0.13156684660931253, 0.13952205128801515, 0.217850220432164, 0.31576043186235014, 0.33840216825558067, 0.4271332973641868, 0.9926567341427361, 1.0]
01000501;[0.11530246165740946, 0.12373922714453699, 0.14904952360591955, 0.1799843303920538, 0.2615397301009531, 0.2952867920494632, 0.5062059292276513, 0.9971877448376243, 1.0]
01000502;[0.14475302266340087, 0.18592131351262497, 0.18724932289485802, 0.28685002656233566, 0.35192248629175443, 0.3824667020831143, 0.5258917153642821, 0.9907039343243689, 1.0]
01000503;[0.010318346279220708, 0.018573023302597278, 0.018573023302597278, 0.1919212407935052, 0.3508237734935041, 0.36733312754025726, 0.5117899754493471, 0.9917453229766234, 1.0]
01000500;[0.0970780657579957, 0.12087784962124626, 0.12714095063789116, 0.23423997802251864, 0.3313180437805143, 0.3582493781520873, 0.5173321439748674, 0.9924842787800261, 1.0]
01000601;[0.07511737089201878, 0.07981220657276995, 0.08450704225352113, 0.19248826291079815, 0.3896713615023475, 0.4084507042253522, 0.9906103286384977, 0.9906103286384977, 1.0]
01000602;[0.06284658040665436, 0.07393715341959338, 0.07578558225508321, 0.3604436229205176, 0.534195933456562, 0.5841035120147875, 0.988909426987061, 0.988909426987061, 1.0]
01000603;[0.012779552715654953, 0.015974440894568693, 0.025559105431309907, 0.39616613418530355, 0.6198083067092652, 0.6645367412140576, 0.977635782747604, 0.977635782747604, 1.0]
01000600;[0.050514499532273154, 0.05799812909260992, 0.0626753975678204, 0.33676333021515437, 0.529466791393826, 0.5715622076707203, 0.9859681945743686, 0.9859681945743686, 1.0]
01000701;[0.031847180459133685, 0.03582807801652539, 0.06767525847565907, 0.07762750236913836, 0.13933141450870987, 0.1711785949678436, 0.3383762923782955, 0.9960191024426083, 1.0]
01000702;[0.033762517963161764, 0.04683187975535341, 0.04792099323803605, 0.06534680896095826, 0.12415893702582073, 0.14485209319679085, 0.3256449313221087, 0.9945544325865869, 1.0]
01000703;[0.0018200950543930566, 0.003640190108786113, 0.003640190108786113, 0.02912152087028891, 0.11648608348115563, 0.13104684391630012, 0.3585587257154322, 0.998179904945607, 1.0]
01000700;[0.02430442719249675, 0.031899560690152, 0.040507378654161263, 0.058229356815356806, 0.1255728738278999, 0.14734558985451157, 0.3377302695290695, 0.995949262134584, 1.0]
01000801;[0.02270824706844183, 0.04541649413688366, 0.04541649413688366, 0.05677061767110457, 0.10218711180798824, 0.11354123534220915, 0.44281081783461573, 1.0, 1.0]
01000802;[0.02685686912902256, 0.04923759340320803, 0.04923759340320803, 0.06266602796771932, 0.1566650699192983, 0.18352193904832084, 0.44313834062887225, 0.995523855145163, 1.0]
01000803;[0.0, 0.0202399593436112, 0.0202399593436112, 0.030359939015416802, 0.1315597357334728, 0.1416797154052784, 0.40479918687222394, 0.9797600406563888, 1.0]
01000800;[0.019498180728923883, 0.04143363404896325, 0.04143363404896325, 0.05361999700454066, 0.13892453769358262, 0.1584227184225065, 0.43383452121855626, 0.9926881822266537, 1.0]
01000001;[0.09294694050718168, 0.10392801364727064, 0.13334160241536608, 0.15883337934771552, 0.22119018753607791, 0.2462897832848527, 0.4161042357726572, 0.9964703693478285, 1.0]
01000002;[0.11568840127788856, 0.14103844936666893, 0.14196026929717004, 0.2086385776034166, 0.27731416242574886, 0.3009742073086105, 0.41512624203566395, 0.9949299903822441, 1.0]
01000003;[0.00803433919122029, 0.013233029256127534, 0.014887157913143477, 0.13374811712443185, 0.262061240090097, 0.27860252666025637, 0.41164173150310995, 0.9929108771842174, 1.0]
01000000;[0.07691053928053097, 0.09305874821150183, 0.09966824768092244, 0.17507662799113058, 0.26137566083617947, 0.283081857957345, 0.4142203360665316, 0.9945922277068378, 1.0]
02010101;[0.01690717192938881, 0.05917510175286085, 0.06762868771755526, 0.07608227368224967, 0.10144303157633289, 0.1098966175410273, 0.14371096139980494, 1.0, 1.0]
02010102;[0.02436621836882506, 0.04873243673765012, 0.05177821403375325, 0.07614443240257833, 0.10051065077140339, 0.11269375995581592, 0.1461973102129504, 1.0, 1.0]
02010103;[0.022033282567554574, 0.050676549905375526, 0.05508320641888644, 0.07491316072968554, 0.09914977155399557, 0.11016641283777286, 0.14321633668910472, 1.0, 1.0]
02010100;[0.022033282567554574, 0.050676549905375526, 0.05508320641888644, 0.07491316072968554, 0.09914977155399557, 0.11016641283777286, 0.14321633668910472, 1.0, 1.0]
02010201;[0.01029228348161688, 0.08233826785293503, 0.08233826785293503, 0.08233826785293503, 0.10292283481616882, 0.10292283481616882, 0.12350740177940256, 1.0, 1.0]
02010202;[0.016669710669612616, 0.058343987343644155, 0.058343987343644155, 0.08890512357126729, 0.11668797468728831, 0.12780111513369674, 0.18058853225413668, 1.0, 1.0]
02010203;[0.015023807167478673, 0.06224148683669736, 0.06224148683669736, 0.08585032667130671, 0.11160542467269871, 0.12019045733982937, 0.1652618788422654, 1.0, 1.0]
02010200;[0.015023807167478673, 0.06224148683669736, 0.06224148683669736, 0.08585032667130671, 0.11160542467269871, 0.12019045733982937, 0.1652618788422654, 1.0, 1.0]
02010301;[0.0070255658098659895, 0.03512782904932995, 0.03512782904932995, 0.04215339485919593, 0.04917896066906192, 0.0632300922887939, 0.09133235552825787, 1.0, 1.0]
02010302;[0.011779391777020825, 0.0471175671080833, 0.0471175671080833, 0.06596459395131661, 0.08716749914995409, 0.10130276928237907, 0.11779391777020821, 0.9929323649337876, 1.0]
02010303;[0.011870783609773575, 0.04917896066906195, 0.04917896066906195, 0.06444139673877083, 0.08139965903844737, 0.0949662688781886, 0.11531618363780044, 0.9949125213100971, 1.0]
02010300;[0.011870783609773575, 0.04917896066906195, 0.04917896066906195, 0.06444139673877083, 0.08139965903844737, 0.0949662688781886, 0.11531618363780044, 0.9949125213100971, 1.0]
02010401;[0.009791021143018604, 0.02937306342905582, 0.02937306342905582, 0.039164084572074424, 0.06853714800113024, 0.07832816914414885, 0.13707429600226048, 0.9902089788569814, 1.0]
02010402;[0.03950965002418095, 0.0790193000483619, 0.0790193000483619, 0.10159624291932243, 0.1213510679314129, 0.13546165722576323, 0.16932707153220408, 0.9943557642822598, 1.0]
02010403;[0.03256289837157771, 0.06729665663459394, 0.06729665663459394, 0.08683439565754057, 0.11071385446336421, 0.1259098737034338, 0.16498535174932702, 0.9934874203256843, 1.0]
02010400;[0.03256289837157771, 0.06729665663459394, 0.06729665663459394, 0.08683439565754057, 0.11071385446336421, 0.1259098737034338, 0.16498535174932702, 0.9934874203256843, 1.0]
02010501;[0.014901300081160298, 0.037253250202900746, 0.037253250202900746, 0.05960520032464119, 0.11175975060870225, 0.11175975060870225, 0.19371690105508388, 1.0, 1.0]
02010502;[0.0285422912002324, 0.07135572800058101, 0.07135572800058101, 0.11131493568090636, 0.14556568512118528, 0.1598368307213015, 0.22833832960185924, 0.9942915417599535, 1.0]
02010503;[0.024326504019420696, 0.060816260048551736, 0.060816260048551736, 0.09933322474596785, 0.13785018944338398, 0.14798623278480924, 0.21893853617478626, 0.9959455826634298, 1.0]
02010500;[0.024326504019420696, 0.060816260048551736, 0.060816260048551736, 0.09933322474596785, 0.13785018944338398, 0.14798623278480924, 0.21893853617478626, 0.9959455826634298, 1.0]
02010601;[0.0, 0.0, 0.0, 0.0568329841127262, 0.18186554916072387, 0.1932321459832691, 0.4887636633694453, 0.9886334031774545, 1.0]
02010602;[0.0, 0.013533768979372938, 0.013533768979372938, 0.11278140816144114, 0.18045025305830587, 0.1939840220376788, 0.4150355820341035, 0.9774437183677119, 1.0]
02010603;[0.0, 0.012567944454196369, 0.012567944454196369, 0.10054355563357095, 0.18537718069939646, 0.1979451251535928, 0.4398780558968728, 0.9811480833187054, 1.0]
02010600;[0.0, 0.012567944454196369, 0.012567944454196369, 0.10054355563357095, 0.18537718069939646, 0.1979451251535928, 0.4398780558968728, 0.9811480833187054, 1.0]
02010701;[0.01042738327936151, 0.015641074919042264, 0.015641074919042264, 0.015641074919042264, 0.03128214983808453, 0.03649584147776529, 0.07559852877537096, 0.9947863083603192, 1.0]
02010702;[0.006593071595633591, 0.012244275820462383, 0.012244275820462383, 0.01601174530368158, 0.03579096009058236, 0.04426776642782554, 0.10172167604691826, 0.995290663145976, 1.0]
02010703;[0.008843088092556163, 0.014284988457206108, 0.014284988457206108, 0.01700593863953108, 0.035372352370224645, 0.042854965371618314, 0.09455301883579278, 0.9952383371809312, 1.0]
02010700;[0.008843088092556163, 0.014284988457206108, 0.014284988457206108, 0.01700593863953108, 0.035372352370224645, 0.042854965371618314, 0.09455301883579278, 0.9952383371809312, 1.0]
02010801;[0.0, 0.0, 0.0, 0.0, 0.04774554511826232, 0.05968193139782789, 0.14323663535478695, 1.0, 1.0]
02010802;[0.009698313852147034, 0.009698313852147034, 0.009698313852147034, 0.009698313852147034, 0.038793255408588134, 0.04849156926073516, 0.1357763939300585, 0.9951508430739265, 1.0]
02010803;[0.006845868601515553, 0.006845868601515553, 0.006845868601515553, 0.006845868601515553, 0.04107521160909332, 0.051344014511366644, 0.13691737203031107, 0.9965770656992423, 1.0]
02010800;[0.006845868601515553, 0.006845868601515553, 0.006845868601515553, 0.006845868601515553, 0.04107521160909332, 0.051344014511366644, 0.13691737203031107, 0.9965770656992423, 1.0]
02010001;[0.00896796797536538, 0.027719173742038444, 0.02853444355798075, 0.03750241153334614, 0.06766739472321152, 0.07418955325074998, 0.13533478944642305, 0.9967389207362307, 1.0]
02010002;[0.014951816785027178, 0.03680447208622074, 0.03709200702439433, 0.0586571273874143, 0.08396020194669106, 0.09488652959728783, 0.15268105217018135, 0.9948243711128752, 1.0]
02010003;[0.03774478904619387, 0.07548957809238774, 0.07548957809238774, 0.1132343671385816, 0.13839755983604418, 0.15097915618477545, 0.176142348882238, 1.0, 1.0]
02010000;[0.013753025194092121, 0.03521607966366014, 0.035632838002875054, 0.05417858409793867, 0.08064273863808565, 0.09043655960963609, 0.14857434793011645, 0.9954156582686361, 1.0]
02020101;[0.0, 0.0, 0.041422571227002596, 0.08284514245400519, 0.08284514245400519, 0.08284514245400519, 0.12426771368100781, 1.0, 1.0]
02020102;[0.007670846523518999, 0.007670846523518999, 0.007670846523518999, 0.038354232617595, 0.099721004805747, 0.11506269785278501, 0.161087776993899, 1.0, 1.0]
02020103;[0.0, 0.0, 0.0, 0.053020891170563335, 0.11266939373744708, 0.12592461653008793, 0.19220073049329212, 0.9966861943018398, 1.0]
02020100;[0.0021916704352911427, 0.0021916704352911427, 0.004383340870582285, 0.050408420011696285, 0.107391851329266, 0.12054187394101286, 0.1797169756938737, 0.9978083295647089, 1.0]
02020201;[0.0, 0.005265819455710962, 0.005265819455710962, 0.060556923740676054, 0.142177125304196, 0.1527087642156179, 0.21853150741200494, 0.9973670902721445, 1.0]
02020202;[0.0, 0.01848410094657725, 0.01848410094657725, 0.06469435331302038, 0.17559895899248396, 0.20332511041234985, 0.2587774132520816, 1.0, 1.0]
02020203;[0.0, 0.0, 0.0, 0.06038139642548571, 0.13208430468074997, 0.13585814195734286, 0.20756105021260715, 0.9962261627234071, 1.0]
02020200;[0.0, 0.005265819455710962, 0.005265819455710962, 0.060556923740676054, 0.142177125304196, 0.1527087642156179, 0.21853150741200494, 0.9973670902721445, 1.0]
02020301;[0.002261101639956871, 0.004522203279913742, 0.004522203279913742, 0.05652754099892179, 0.1017495737980592, 0.11531618363780044, 0.17410482627667906, 0.9954777967200863, 1.0]
02020302;[0.008029218068418276, 0.008029218068418276, 0.008029218068418276, 0.04817530841050967, 0.12846748909469247, 0.12846748909469247, 0.17664279750520212, 1.0, 1.0]
02020303;[0.0, 0.003251501531838807, 0.003251501531838807, 0.06177852910493732, 0.09104204289148658, 0.10729955055068059, 0.1723295811874567, 0.9934969969363223, 1.0]
02020300;[0.002261101639956871, 0.004522203279913742, 0.004522203279913742, 0.05652754099892179, 0.1017495737980592, 0.11531618363780044, 0.17410482627667906, 0.9954777967200863, 1.0]
02020401;[0.0, 0.002961481703752541, 0.002961481703752541, 0.07699852429756607, 0.1214207498538542, 0.14511260348387456, 0.22507260948519314, 0.9881540731849898, 1.0]
02020402;[0.0, 0.0, 0.0, 0.05997000450098894, 0.10494750787673063, 0.194902514628214, 0.23988001800395573, 1.0, 1.0]
02020403;[0.0, 0.003932459311540259, 0.003932459311540259, 0.0865141048538857, 0.13370361659236882, 0.13763607590390908, 0.21628526213471427, 0.9882026220653792, 1.0]
02020400;[0.0, 0.002961481703752541, 0.002961481703752541, 0.07699852429756607, 0.1214207498538542, 0.14511260348387456, 0.22507260948519314, 0.9881540731849898, 1.0]
02020501;[0.0, 0.0, 0.003051596027258891, 0.07934149670873117, 0.167837781499239, 0.195302145744569, 0.27464364245330014, 0.9938968079454822, 1.0]
02020502;[0.0, 0.0, 0.01274889006943714, 0.07649334041662284, 0.19123335104155711, 0.22948002124986855, 0.3059733616664914, 1.0, 1.0]
02020503;[0.0, 0.0, 0.0, 0.08562687360069722, 0.16697240352135959, 0.184097778241499, 0.2654433081621614, 0.9914373126399303, 1.0]
02020500;[0.0, 0.0, 0.003051596027258891, 0.07934149670873117, 0.167837781499239, 0.195302145744569, 0.27464364245330014, 0.9938968079454822, 1.0]
02020601;[0.0, 0.0, 0.0, 0.06819958093527147, 0.20459874280581436, 0.20459874280581436, 0.47739706654690023, 1.0, 1.0]
02020602;[0.0, 0.0, 0.0, 0.1145079383604558, 0.24332936901596858, 0.2862698459011395, 0.4580317534418232, 1.0, 1.0]
02020603;[0.0, 0.0, 0.0, 0.13481312510460638, 0.2561449376987522, 0.28310756271967347, 0.48532725037658303, 1.0, 1.0]
02020600;[0.0, 0.0, 0.0, 0.12452738296699567, 0.24905476593399134, 0.279113099753611, 0.47663929342539724, 1.0, 1.0]
02020701;[0.0, 0.0, 0.0, 0.0, 0.0, 0.0, 0.0, 1.0, 1.0]
02020702;[0.0, 0.0, 0.0, 0.0, 0.009507320048829614, 0.023768300122074038, 0.07130490036622208, 0.9904926799511705, 1.0]
02020703;[0.0, 0.0, 0.0, 0.004415968328691351, 0.046367667451259184, 0.04857565161560486, 0.13027106569639482, 0.9955840316713087, 1.0]
02020700;[0.0, 0.0, 0.0, 0.0028656815750018353, 0.032955338112521104, 0.03868670126252478, 0.10603021827506792, 0.9942686368499964, 1.0]
02020801;[0.0, 0.0, 0.0, 0.007273735389110274, 0.0581898831128822, 0.07273735389110274, 0.18184338472775682, 0.9927262646108896, 1.0]
02020802;[0.0, 0.0, 0.0, 0.0, 0.02738347440606221, 0.08215042321818662, 0.21906779524849768, 0.972616525593938, 1.0]
02020803;[0.0, 0.0, 0.0, 0.011083787259596608, 0.06650272355757966, 0.06650272355757966, 0.16625680889394912, 1.0, 1.0]
02020800;[0.0, 0.0, 0.0, 0.007273735389110274, 0.0581898831128822, 0.07273735389110274, 0.18184338472775682, 0.9927262646108896, 1.0]
02020001;[0.0, 0.0, 0.0069480457448217545, 0.02084413723446526, 0.05558436595857402, 0.08337654893786106, 0.1528570063860786, 0.9930519542551782, 1.0]
02020002;[0.0022598012859371725, 0.004519602571874345, 0.005649503214842931, 0.0406764231468691, 0.10169105786717277, 0.1265488720124817, 0.18756350673278532, 0.9966102980710944, 1.0]
02020003;[0.0, 0.0009136782431855891, 0.0009136782431855891, 0.05299333810476418, 0.10735719357430673, 0.1164939760061626, 0.1959839831633089, 0.9949747696624793, 1.0]
02020000;[0.0006202785674924151, 0.0018608357024772451, 0.0024811142699696603, 0.048071588980662175, 0.10327638148748712, 0.11754278853981265, 0.19166607735515626, 0.9953479107438069, 1.0]
02030101;[0.012944553508438312, 0.025889107016876623, 0.051778214033753246, 0.051778214033753246, 0.09061187455906816, 0.09061187455906816, 0.1294455350843831, 1.0, 1.0]
02030102;[0.012944553508438312, 0.025889107016876623, 0.051778214033753246, 0.051778214033753246, 0.09061187455906816, 0.09061187455906816, 0.1294455350843831, 1.0, 1.0]
02030103;[0.012944553508438312, 0.025889107016876623, 0.051778214033753246, 0.051778214033753246, 0.09061187455906816, 0.09061187455906816, 0.1294455350843831, 1.0, 1.0]
02030100;[0.012944553508438312, 0.025889107016876623, 0.051778214033753246, 0.051778214033753246, 0.09061187455906816, 0.09061187455906816, 0.1294455350843831, 1.0, 1.0]
02030201;[0.011611807004901099, 0.03483542101470329, 0.03483542101470329, 0.03483542101470329, 0.06967084202940658, 0.08128264903430768, 0.11611807004901097, 1.0, 1.0]
02030202;[0.01132151182977857, 0.033964535489335715, 0.033964535489335715, 0.033964535489335715, 0.06792907097867143, 0.09057209463822856, 0.12453663012756429, 1.0, 1.0]
02030203;[0.01132151182977857, 0.033964535489335715, 0.033964535489335715, 0.033964535489335715, 0.06792907097867143, 0.09057209463822856, 0.12453663012756429, 1.0, 1.0]
02030200;[0.01132151182977857, 0.033964535489335715, 0.033964535489335715, 0.033964535489335715, 0.06792907097867143, 0.09057209463822856, 0.12453663012756429, 1.0, 1.0]
02030301;[0.0, 0.01035346540401304, 0.03106039621203912, 0.0517673270200652, 0.12424158484815648, 0.1345950502521695, 0.19671584267624773, 1.0, 1.0]
02030302;[0.0, 0.01035346540401304, 0.03106039621203912, 0.0517673270200652, 0.12424158484815648, 0.1345950502521695, 0.19671584267624773, 1.0, 1.0]
02030303;[0.0, 0.01035346540401304, 0.03106039621203912, 0.0517673270200652, 0.12424158484815648, 0.1345950502521695, 0.19671584267624773, 1.0, 1.0]
02030300;[0.0, 0.01035346540401304, 0.03106039621203912, 0.0517673270200652, 0.12424158484815648, 0.1345950502521695, 0.19671584267624773, 1.0, 1.0]
02030401;[0.0, 0.017768890222515245, 0.03553778044503049, 0.08884445111257623, 0.10661334133509148, 0.10661334133509148, 0.21322668267018297, 1.0, 1.0]
02030402;[0.0, 0.017768890222515245, 0.03553778044503049, 0.08884445111257623, 0.10661334133509148, 0.10661334133509148, 0.21322668267018297, 1.0, 1.0]
02030403;[0.0, 0.017768890222515245, 0.03553778044503049, 0.08884445111257623, 0.10661334133509148, 0.10661334133509148, 0.21322668267018297, 1.0, 1.0]
02030400;[0.0, 0.017768890222515245, 0.03553778044503049, 0.08884445111257623, 0.10661334133509148, 0.10661334133509148, 0.21322668267018297, 1.0, 1.0]
02030501;[0.0, 0.0, 0.0, 0.0, 0.054638100297587755, 0.054638100297587755, 0.19123335104155714, 1.0, 1.0]
02030502;[0.0, 0.0, 0.0, 0.0, 0.054638100297587755, 0.054638100297587755, 0.19123335104155714, 1.0, 1.0]
02030503;[0.0, 0.0, 0.0, 0.0, 0.054638100297587755, 0.054638100297587755, 0.19123335104155714, 1.0, 1.0]
02030500;[0.0, 0.0, 0.0, 0.0, 0.054638100297587755, 0.054638100297587755, 0.19123335104155714, 1.0, 1.0]
02030601;[0.0, 0.0, 0.0, 0.020340225892975697, 0.08136090357190279, 0.16272180714380557, 0.4881654214314167, 1.0, 1.0]
02030602;[0.0, 0.0, 0.0, 0.020340225892975697, 0.08136090357190279, 0.16272180714380557, 0.4881654214314167, 1.0, 1.0]
02030603;[0.0, 0.0, 0.0, 0.020340225892975697, 0.08136090357190279, 0.16272180714380557, 0.4881654214314167, 1.0, 1.0]
02030600;[0.0, 0.0, 0.0, 0.020340225892975697, 0.08136090357190279, 0.16272180714380557, 0.4881654214314167, 1.0, 1.0]
02030701;[0.0045400123828680744, 0.013620037148604224, 0.013620037148604224, 0.013620037148604224, 0.03178008668007652, 0.0363200990629446, 0.06810018574302112, 1.0, 1.0]
02030702;[0.004489567800836209, 0.013468703402508624, 0.013468703402508624, 0.013468703402508624, 0.03142697460585346, 0.035916542406689664, 0.06734351701254314, 1.0, 1.0]
02030703;[0.004489567800836209, 0.013468703402508624, 0.013468703402508624, 0.013468703402508624, 0.03142697460585346, 0.035916542406689664, 0.06734351701254314, 1.0, 1.0]
02030700;[0.004489567800836209, 0.013468703402508624, 0.013468703402508624, 0.013468703402508624, 0.03142697460585346, 0.035916542406689664, 0.06734351701254314, 1.0, 1.0]
02030801;[0.0, 0.0, 0.0, 0.0, 0.031034604326870503, 0.031034604326870503, 0.186207625961223, 1.0, 1.0]
02030802;[0.0, 0.0, 0.0, 0.0, 0.031034604326870503, 0.031034604326870503, 0.186207625961223, 1.0, 1.0]
02030803;[0.0, 0.0, 0.0, 0.0, 0.031034604326870503, 0.031034604326870503, 0.186207625961223, 1.0, 1.0]
02030800;[0.0, 0.0, 0.0, 0.0, 0.031034604326870503, 0.031034604326870503, 0.186207625961223, 1.0, 1.0]
02030001;[0.004119637742504933, 0.013732125808349777, 0.020598188712524664, 0.028837464197534534, 0.06454099129924395, 0.07415347936508881, 0.15105338389184758, 1.0, 1.0]
02030002;[0.004095475644308424, 0.01365158548102808, 0.020477378221542122, 0.028668329510158963, 0.06416245176083196, 0.07508372014565443, 0.15153259883941164, 1.0, 1.0]
02030003;[0.004095475644308424, 0.01365158548102808, 0.020477378221542122, 0.028668329510158963, 0.06416245176083196, 0.07508372014565443, 0.15153259883941164, 1.0, 1.0]
02030000;[0.004095475644308424, 0.01365158548102808, 0.020477378221542122, 0.028668329510158963, 0.06416245176083196, 0.07508372014565443, 0.15153259883941164, 1.0, 1.0]
02000101;[0.013655792712198656, 0.040967378136595976, 0.05917510175286085, 0.06827896356099328, 0.09559054898539059, 0.1001424798894568, 0.13655792712198653, 1.0, 1.0]
02000102;[0.019621217949632813, 0.03706230057152864, 0.03924243589926562, 0.06540405983210937, 0.10028622507590101, 0.1133670370423229, 0.15042933761385152, 1.0, 1.0]
02000103;[0.0, 0.0, 0.0, 0.05218591650645997, 0.11089507257622742, 0.12394155170284242, 0.18917394733591736, 0.9967383802183463, 1.0]
02000100;[0.012153321631394407, 0.026332196868021216, 0.031396080881102226, 0.06177938495958825, 0.10229045706423628, 0.1134310018930145, 0.15900595801074352, 0.998987223197384, 1.0]
02000201;[0.010531638911421923, 0.0579240140128206, 0.0579240140128206, 0.0579240140128206, 0.08425311129137542, 0.08951893074708639, 0.1158480280256412, 1.0, 1.0]
02000202;[0.012756633047637824, 0.04890042668261166, 0.04890042668261166, 0.08291811480964585, 0.12969243598431787, 0.14670128004783495, 0.19985391774632588, 1.0, 1.0]
02000203;[0.0, 0.0, 0.0, 0.05843360944401842, 0.1278235206587903, 0.13147562124904144, 0.20086553246381333, 0.996347899409749, 1.0]
02000200;[0.008564737081629177, 0.036400132596924005, 0.036400132596924005, 0.07065908092344071, 0.1199063191428085, 0.13061224049484496, 0.18307125511982367, 0.9989294078647964, 1.0]
02000301;[0.004055996756211294, 0.02433598053726776, 0.03244797404969035, 0.04461596431832423, 0.08111993512422588, 0.09734392214907106, 0.137903889711184, 1.0, 1.0]
02000302;[0.010928657926458208, 0.03825030274260374, 0.03825030274260374, 0.061929061583263195, 0.09653647835038086, 0.10746513627683907, 0.13114389511749852, 0.994535671036771, 1.0]
02000303;[0.003073685041816372, 0.012294740167265488, 0.012294740167265488, 0.06762107091996018, 0.09528423629630751, 0.11065266150538937, 0.1752000473835332, 0.9938526299163674, 1.0]
02000300;[0.007088859195540459, 0.028355436782161837, 0.030127651581046952, 0.060255303162093904, 0.09304127694146853, 0.10633288793310688, 0.14532161350857942, 0.9955694630027871, 1.0]
02000401;[0.005711429000094186, 0.022845716000376742, 0.028557145000470928, 0.05140286100084766, 0.07424857700122442, 0.0856714350014128, 0.17705429900291983, 0.9885771419998116, 1.0]
02000402;[0.03308689903502839, 0.06617379807005679, 0.06617379807005679, 0.09453399724293825, 0.1181674965536728, 0.14416434579548085, 0.1796145947615827, 0.9952733001378531, 1.0]
02000403;[0.0, 0.003869032548450898, 0.003869032548450898, 0.08511871606591978, 0.13541613919578144, 0.14315420429268325, 0.22053485526170113, 0.9883929023546472, 1.0]
02000400;[0.01750949036525225, 0.03852087880355495, 0.039688178161238444, 0.08287825439552735, 0.1143953370529814, 0.13190482741823364, 0.1914370946600913, 0.9918289044962156, 1.0]
02000501;[0.009034646505900334, 0.022586616264750836, 0.022586616264750836, 0.036138586023601336, 0.09034646505900334, 0.09938111156490367, 0.1942448998768572, 1.0, 1.0]
02000502;[0.023321140370921596, 0.058302850927304, 0.06063496496439616, 0.1049451316691472, 0.15391952644808263, 0.17257643874481993, 0.2425398598575847, 0.9953357719258156, 1.0]
02000503;[0.0, 0.0, 0.0, 0.09080144725714225, 0.16922087897921967, 0.1857302330259728, 0.26414966474805024, 0.9917453229766237, 1.0]
02000500;[0.013419884283618044, 0.03354971070904511, 0.03466803439934662, 0.08387427677261278, 0.142027108668291, 0.15768364033251203, 0.23708462234391878, 0.995526705238794, 1.0]
02000601;[0.0, 0.0, 0.0, 0.04611221665509832, 0.15151156900960877, 0.18444886662039328, 0.48747200463961077, 0.9934125404778431, 1.0]
02000602;[0.0, 0.010260113946014292, 0.010260113946014292, 0.116281291388162, 0.19836220295627632, 0.2188824308483049, 0.4275047477505955, 0.9828998100899762, 1.0]
02000603;[0.0, 0.006477055172623547, 0.006477055172623547, 0.14249521379771804, 0.2655592620775654, 0.29146748276805956, 0.4922561931193896, 1.0, 1.0]
02000600;[0.0, 0.006653617652221609, 0.006653617652221609, 0.10479447802249034, 0.20293533839275907, 0.22788640458859005, 0.4590996180032909, 0.9900195735216677, 1.0]
02000701;[0.007830641513086406, 0.014095154723555532, 0.014095154723555532, 0.014095154723555532, 0.02975643774972834, 0.03445482265758018, 0.06890964531516036, 0.9968677433947655, 1.0]
02000702;[0.005492092649566622, 0.010199600634909442, 0.010199600634909442, 0.013337939291804653, 0.03138338656895212, 0.040798402539637756, 0.0965039136995278, 0.9945079073504335, 1.0]
02000703;[0.0042089698132839444, 0.0042089698132839444, 0.0042089698132839444, 0.008417939626567889, 0.04840315285276535, 0.05050763775940732, 0.1283735793051603, 0.9957910301867161, 1.0]
02000700;[0.005849902201710052, 0.010028403774360088, 0.010028403774360088, 0.012535504717950112, 0.03426371289573031, 0.04094931541197037, 0.09526983585642085, 0.995403648270085, 1.0]
02000801;[0.0, 0.0, 0.0, 0.0, 0.04734092185454822, 0.055231075496972926, 0.15780307284849404, 1.0, 1.0]
02000802;[0.008239275485009866, 0.008239275485009866, 0.008239275485009866, 0.008239275485009866, 0.03707673968254441, 0.05355529065256413, 0.1483069587301776, 0.99176072451499, 1.0]
02000803;[0.0, 0.0, 0.0, 0.010826024765187387, 0.06495614859112434, 0.06495614859112434, 0.16239037147781082, 1.0, 1.0]
02000800;[0.004330409906074953, 0.004330409906074953, 0.004330409906074953, 0.00649561485911243, 0.04546930401378701, 0.056295328778974384, 0.15372955166566085, 0.995669590093925, 1.0]
02000001;[0.006663872094726796, 0.020943598011998504, 0.024275534059361902, 0.033319360473633985, 0.06568673921944987, 0.07473056563372196, 0.14184527744489897, 0.9976200456804548, 1.0]
02000002;[0.012352840051481625, 0.03019583123695509, 0.030653343831454412, 0.055130267637167996, 0.08761366184661969, 0.10156779597884893, 0.1599006517775122, 0.9951961177577573, 1.0]
02000003;[0.0013224973434745955, 0.003526659582598921, 0.003526659582598921, 0.055104055978108156, 0.10844478216491685, 0.11770226356923902, 0.1952887743864153, 0.9951508430739264, 1.0]
02000000;[0.00810293052417678, 0.02111326967567189, 0.02214040171394782, 0.049872966747397926, 0.08764860059954602, 0.09917530458464258, 0.1646835034702408, 0.9957773460648658, 1.0]
00010101;[0.14677289017441866, 0.1761274682093024, 0.1826507077726099, 0.19895880668087862, 0.22505176493410856, 0.24135986384237731, 0.28702254078552986, 0.9967383802183463, 1.0]
00010102;[0.15009590515196233, 0.18908185454208243, 0.19005650327683546, 0.2222199115236845, 0.25633261724003953, 0.2738762944655936, 0.3060397027124427, 0.999025351265247, 1.0]
00010103;[0.11297064880091615, 0.15062753173455484, 0.15062753173455484, 0.18828441466819357, 0.263598180535471, 0.263598180535471, 0.33891194640274847, 1.0, 1.0]
00010100;[0.148094856422204, 0.18475199910096737, 0.18695142766169318, 0.2155439989511286, 0.24853542736201564, 0.26613085584782203, 0.3020548556730101, 0.9985337142928494, 1.0]
00010201;[0.13710454692942853, 0.1869607458128571, 0.1869607458128571, 0.1911154290531428, 0.23681694469628564, 0.2617450441379999, 0.29913719330057137, 0.9916906335194287, 1.0]
00010202;[0.14841645760045855, 0.18837473464673582, 0.18837473464673582, 0.22262468640068778, 0.27590238912905757, 0.2996870778470798, 0.33393702960103183, 0.9980972249025583, 1.0]
00010203;[0.14635592280796655, 0.18773403710969527, 0.18773403710969527, 0.21608570802013907, 0.267425220209321, 0.2911793228640172, 0.3256610847821245, 0.9969349544961681, 1.0]
00010200;[0.14635592280796655, 0.18773403710969527, 0.18773403710969527, 0.21608570802013907, 0.267425220209321, 0.2911793228640172, 0.3256610847821245, 0.9969349544961681, 1.0]
00010301;[0.11336167205071905, 0.1367008398258671, 0.14003500665088822, 0.15337167395097281, 0.16337417442603622, 0.18671334220118427, 0.2433941782265438, 1.0, 1.0]
00010302;[0.12253063081952724, 0.1542052156572282, 0.1542052156572282, 0.1792114668448868, 0.21255313509509832, 0.23005751092645937, 0.2700675128267132, 0.9966658331749789, 1.0]
00010303;[0.09079192738903744, 0.15131987898172905, 0.15131987898172905, 0.15131987898172905, 0.24211180637076649, 0.24211180637076649, 0.2723757821671123, 1.0, 1.0]
00010300;[0.11945780545356303, 0.15062071122405776, 0.15126993842760972, 0.17334366334837678, 0.20320811471176756, 0.2213864764112228, 0.264884699049205, 0.9974030911857922, 1.0]
00010401;[0.14504373181634542, 0.1710772221423561, 0.17479629218892903, 0.19711071246836678, 0.23802048298066933, 0.26405397330668007, 0.31984002400527445, 0.9962809299534271, 1.0]
00010402;[0.15227166360251113, 0.18981810120313028, 0.19190401440316468, 0.22214975580366345, 0.26386801980435143, 0.282641238604661, 0.3243595026053489, 0.9906133905998453, 1.0]
00010403;[0.1507817256024865, 0.18545345929717594, 0.1878724174619217, 0.21609359605062242, 0.25802220423954914, 0.2789865083340125, 0.32414039407593365, 0.9911304867292655, 1.0]
00010400;[0.1507817256024865, 0.18545345929717594, 0.1878724174619217, 0.21609359605062242, 0.25802220423954914, 0.2789865083340125, 0.32414039407593365, 0.9911304867292655, 1.0]
00010501;[0.1048385883882648, 0.11648732043140533, 0.11939950344219047, 0.1572578825823972, 0.2242380918304553, 0.24753555591673634, 0.39023252344520787, 1.0, 1.0]
00010502;[0.12462398157764396, 0.17296949167241965, 0.17404383634119241, 0.2320584484549232, 0.2782552692121533, 0.29866781791883645, 0.4157713868150709, 0.9946282766561361, 1.0]
00010503;[0.03585625332029196, 0.1792812666014598, 0.1792812666014598, 0.32270627988262757, 0.32270627988262757, 0.32270627988262757, 0.3944187865232115, 1.0, 1.0]
00010500;[0.11719106559155502, 0.1577866634762114, 0.15931857283034934, 0.2144673095793164, 0.2650203182658695, 0.2857010945467322, 0.4090197975548392, 0.9961702266146549, 1.0]
00010601;[0.057490555829732996, 0.06228143548221074, 0.06228143548221074, 0.15330814887928798, 0.34494333497839796, 0.3593159739358312, 0.800076901963784, 0.9904182406950446, 1.0]
00010602;[0.05346343960011398, 0.06721118121157188, 0.06873870805728942, 0.2917576275320506, 0.433817624183782, 0.47506084901815576, 0.824864496687473, 0.983197204697107, 1.0]
00010603;[0.0, 0.055209184566648334, 0.055209184566648334, 0.33125510739989006, 0.6625102147997801, 0.6625102147997801, 0.99376532219967, 1.0, 1.0]
00010600;[0.053058875528025226, 0.06547691022607369, 0.06660582247135083, 0.25852090416846335, 0.4154397062619848, 0.44930707362029865, 0.8218481145617524, 0.9853241408113973, 1.0]
00010701;[0.024532281197426415, 0.028861507291089897, 0.03319073338475339, 0.037519959478416874, 0.07936914505049725, 0.0952429740605967, 0.1890428727566389, 0.9956707739063365, 1.0]
00010702;[0.020899712176306477, 0.03000984312495289, 0.030545733180755617, 0.04126353429681022, 0.07609638792398768, 0.0905654194306614, 0.1988152107028129, 0.9951769894977754, 1.0]
00010703;[0.04253274758686932, 0.063799121380304, 0.063799121380304, 0.063799121380304, 0.10633186896717332, 0.10633186896717332, 0.19139736414091196, 1.0, 1.0]
00010700;[0.022234861404520877, 0.030285414671674993, 0.03181885338922816, 0.04063612601515884, 0.07743865523643478, 0.09200632305318986, 0.1958967961674167, 0.9953996838473406, 1.0]
00010801;[0.007161831767739349, 0.021485495303218045, 0.021485495303218045, 0.021485495303218045, 0.07161831767739348, 0.08594198121287216, 0.25782594363861655, 1.0, 1.0]
00010802;[0.017806740187548655, 0.025438200267926654, 0.025438200267926654, 0.030525840321511982, 0.08903370093774327, 0.10938426115208458, 0.2823640229739858, 0.9949123599464147, 1.0]
00010803;[0.014778383012795474, 0.025862170272392078, 0.025862170272392078, 0.02955676602559095, 0.084975702323574, 0.10344868108956834, 0.27524738361331574, 0.9944581063702017, 1.0]
00010800;[0.014778383012795474, 0.025862170272392078, 0.025862170272392078, 0.02955676602559095, 0.084975702323574, 0.10344868108956834, 0.27524738361331574, 0.9944581063702017, 1.0]
00010001;[0.07972978459665628, 0.09626361089550206, 0.09920295779307463, 0.11794129426509982, 0.16644051807504742, 0.1844440178226795, 0.2891582510487027, 0.9966932347402309, 1.0]
00010002;[0.09166016537594046, 0.11801246292152333, 0.11869991416184288, 0.1588012365138168, 0.2040584431681874, 0.22273420186353526, 0.3103842350042783, 0.9950732661110432, 1.0]
00010003;[0.058802408198280955, 0.10780441503018176, 0.10780441503018176, 0.15680642186208255, 0.22540923142674366, 0.23030943210993374, 0.31361284372416515, 0.9901995986336198, 1.0]
00010000;[0.0881567635319267, 0.1126352435029277, 0.11383349077423544, 0.14909619618700615, 0.1953998943139696, 0.21371595974681648, 0.30546746509266637, 0.9953781890963844, 1.0]
00020101;[0.0, 0.019725033917620288, 0.039450067835240576, 0.05917510175286086, 0.13807523742334202, 0.1775253052585826, 0.2564254409290638, 1.0, 1.0]
00020102;[0.009784859344961245, 0.013046479126614993, 0.013046479126614993, 0.08480211432299746, 0.17286584842764868, 0.19895880668087867, 0.2837609210038761, 0.9967383802183463, 1.0]
00020103;[0.008607287527688856, 0.01075910940961107, 0.012910931291533284, 0.10113562845034403, 0.20227125690068806, 0.21948583195606575, 0.3001791525281488, 0.9946204452951946, 1.0]
00020100;[0.008532739391330122, 0.01163555371545017, 0.013962664458540202, 0.09618724404772142, 0.19315019167647285, 0.21331848478325316, 0.2947673607914044, 0.9953457785138199, 1.0]
00020201;[0.0056406108760462615, 0.01047542019837163, 0.011281221752092525, 0.12248183616557598, 0.24093466456254747, 0.25705069563696537, 0.3464946680999847, 0.9943593891239537, 1.0]
00020202;[0.0032347176656510198, 0.01293887066260408, 0.01293887066260408, 0.1261539889603898, 0.23613438959252447, 0.2587774132520816, 0.3525842255559612, 1.0, 1.0]
00020203;[0.0043860578517301956, 0.007675601240527841, 0.007675601240527841, 0.12061659092258041, 0.2434262107710259, 0.255487869863284, 0.34540205582375294, 0.9923243987594721, 1.0]
00020200;[0.0056406108760462615, 0.01047542019837163, 0.011281221752092525, 0.12248183616557598, 0.24093466456254747, 0.25705069563696537, 0.3464946680999847, 0.9943593891239537, 1.0]
00020301;[0.0, 0.0, 0.0, 0.039343168535249565, 0.11802950560574868, 0.23605901121149736, 0.31474534828199646, 1.0, 1.0]
00020302;[0.016168425425445023, 0.026947375709075044, 0.02964211327998255, 0.10240002769448515, 0.19132636753443277, 0.19671584267624778, 0.28294744494528795, 0.9946105248581851, 1.0]
00020303;[0.0018960563149517861, 0.0037921126299035723, 0.0037921126299035723, 0.0985949283774929, 0.20003394122741347, 0.21709844806197956, 0.2967328132899546, 0.9971559155275724, 1.0]
00020300;[0.005502541053881059, 0.009629446844291855, 0.010317264476026987, 0.09835792133812393, 0.19602802504451272, 0.21184783057442075, 0.29301031111916637, 0.9965609118413243, 1.0]
00020401;[0.0, 0.0, 0.0, 0.059970004500988966, 0.08995500675148345, 0.1799100135029669, 0.3898050292564283, 0.9700149977495056, 1.0]
00020402;[0.014538182909330656, 0.021807274363995984, 0.021807274363995984, 0.1381127376386412, 0.2689563838226171, 0.3125709325506091, 0.39616548427926035, 1.0, 1.0]
00020403;[0.0036529951980297844, 0.013394315726109208, 0.015829645858129068, 0.13150782712907225, 0.2520566686640551, 0.2654509843901643, 0.3640818547369685, 0.9914763445379305, 1.0]
00020400;[0.006173382816278273, 0.014992501125247238, 0.01675632478704103, 0.13052295097274066, 0.2504629599747185, 0.2733926675780379, 0.37304870446938715, 0.9929447053528249, 1.0]
00020501;[0.031872225173592846, 0.09561667552077854, 0.1274889006943714, 0.1274889006943714, 0.1912333510415571, 0.3187222517359286, 0.3824667020831143, 0.9681277748264072, 1.0]
00020502;[0.014998694199337815, 0.01874836774917227, 0.022498041299006722, 0.1874836774917227, 0.2962242104369218, 0.3449699665847697, 0.45746017307980325, 0.9850013058006623, 1.0]
00020503;[0.005529639066261893, 0.005529639066261893, 0.005529639066261893, 0.15621230362189847, 0.2958356900450113, 0.31242460724379706, 0.4354590764681242, 0.9917055414006074, 1.0]
00020500;[0.008796082586238572, 0.011728110114984763, 0.01368279513414889, 0.16321619910020463, 0.292225410365037, 0.3205683431429169, 0.4398041293119287, 0.9892492323945974, 1.0]
00020601;[0.03220535766387819, 0.03220535766387819, 0.03220535766387819, 0.2254375036471473, 0.4186696496304164, 0.4186696496304164, 0.7407232262691985, 1.0, 1.0]
00020602;[0.011770486049742282, 0.011770486049742282, 0.011770486049742282, 0.2589506930943302, 0.4237374977907222, 0.459048955939949, 0.8180487804570886, 1.0, 1.0]
00020603;[0.009057756842965742, 0.011322196053707179, 0.018115513685931485, 0.3351370031897325, 0.5321432145242374, 0.5751675595283247, 0.8604869000817454, 0.9841489255248099, 1.0]
00020600;[0.010893624337311818, 0.01244985638549922, 0.017118552530061427, 0.3096901775892931, 0.4979942554199689, 0.536900056624654, 0.8434777701175722, 0.9891063756626881, 1.0]
00020701;[0.0, 0.0, 0.031081623236558352, 0.031081623236558352, 0.046622434854837524, 0.09324486970967505, 0.17094892780107093, 0.9844591883817209, 1.0]
00020702;[0.0, 0.002730142581589585, 0.002730142581589585, 0.008190427744768757, 0.04368228130543336, 0.05733299421338128, 0.17472912522173345, 0.9918095722552313, 1.0]
00020703;[0.0009952243893479277, 0.0009952243893479277, 0.0009952243893479277, 0.01890926339761062, 0.08558929748392176, 0.09653676576674897, 0.25676789245176534, 0.9970143268319562, 1.0]
00020700;[0.0006930722162525876, 0.0013861444325051753, 0.0027722888650103506, 0.016633733190062106, 0.07277258270652172, 0.08594095481532088, 0.23148612022836426, 0.9951484944862319, 1.0]
00020801;[0.0036086749217291276, 0.014434699686916509, 0.014434699686916509, 0.028869399373833017, 0.10465157273014468, 0.11547759749533207, 0.3031286934252468, 0.9927826501565417, 1.0]
00020802;[0.01330054471151593, 0.03990163413454779, 0.03990163413454779, 0.05320217884606372, 0.11970490240364338, 0.14630599182667525, 0.33251361778789834, 0.9866994552884841, 1.0]
00020803;[0.0, 0.005350793849460433, 0.005350793849460433, 0.016052381548381296, 0.09631428929028782, 0.10166508313974824, 0.29429366172032384, 0.9946492061505396, 1.0]
00020800;[0.0036086749217291276, 0.014434699686916509, 0.014434699686916509, 0.028869399373833017, 0.10465157273014468, 0.11547759749533207, 0.3031286934252468, 0.9927826501565417, 1.0]
00020001;[0.01302151230498063, 0.022787646533716108, 0.039064536914941904, 0.07487369575363864, 0.13347050112605147, 0.18881192842221914, 0.29298402686206426, 0.9902338657712646, 1.0]
00020002;[0.009068553212397227, 0.015114255353995376, 0.015977927088509397, 0.1045042798761966, 0.19303063266388384, 0.21678160536301944, 0.32819525911532826, 0.995249805460173, 1.0]
00020003;[0.003998511954899074, 0.006612923617717698, 0.007689446067113602, 0.1074984560182482, 0.21238250037367773, 0.22760760358656268, 0.3404886718517904, 0.9940022320676514, 1.0]
00020000;[0.005578353456310134, 0.009297255760516892, 0.010828568474013792, 0.1055511977517506, 0.2045396267313716, 0.2232435177319409, 0.33568562269442753, 0.9942028875846189, 1.0]
00030101;[0.03358586856243454, 0.0391835133228403, 0.13994111901014394, 0.14553876377054967, 0.1903199218537957, 0.1903199218537957, 0.2910775275410993, 1.0, 1.0]
00030102;[0.03358586856243454, 0.0391835133228403, 0.13994111901014394, 0.14553876377054967, 0.1903199218537957, 0.1903199218537957, 0.2910775275410993, 1.0, 1.0]
00030103;[0.03358586856243454, 0.0391835133228403, 0.13994111901014394, 0.14553876377054967, 0.1903199218537957, 0.1903199218537957, 0.2910775275410993, 1.0, 1.0]
00030100;[0.03358586856243454, 0.0391835133228403, 0.13994111901014394, 0.14553876377054967, 0.1903199218537957, 0.1903199218537957, 0.2910775275410993, 1.0, 1.0]
00030201;[0.015797458367132883, 0.026329097278554807, 0.0895189307470863, 0.10531638911421919, 0.15797458367132883, 0.1632404031270398, 0.268556792241259, 1.0, 1.0]
00030202;[0.015615878385901472, 0.026026463976502455, 0.08848997752010834, 0.10410585590600982, 0.15615878385901474, 0.16656936944961573, 0.2706752253556255, 1.0, 1.0]
00030203;[0.015615878385901472, 0.026026463976502455, 0.08848997752010834, 0.10410585590600982, 0.15615878385901474, 0.16656936944961573, 0.2706752253556255, 1.0, 1.0]
00030200;[0.015615878385901472, 0.026026463976502455, 0.08848997752010834, 0.10410585590600982, 0.15615878385901474, 0.16656936944961573, 0.2706752253556255, 1.0, 1.0]
00030301;[0.021382156812635625, 0.034211450900216996, 0.08125219588801538, 0.09835792133812388, 0.1539515290509765, 0.16250439177603074, 0.2822444699267902, 0.9957235686374729, 1.0]
00030302;[0.021382156812635625, 0.034211450900216996, 0.08125219588801538, 0.09835792133812388, 0.1539515290509765, 0.16250439177603074, 0.2822444699267902, 0.9957235686374729, 1.0]
00030303;[0.021382156812635625, 0.034211450900216996, 0.08125219588801538, 0.09835792133812388, 0.1539515290509765, 0.16250439177603074, 0.2822444699267902, 0.9957235686374729, 1.0]
00030300;[0.021382156812635625, 0.034211450900216996, 0.08125219588801538, 0.09835792133812388, 0.1539515290509765, 0.16250439177603074, 0.2822444699267902, 0.9957235686374729, 1.0]
00030401;[0.0425103829374099, 0.04858329478561131, 0.10931241326762545, 0.14574988435683395, 0.18826026729424383, 0.19433317914244524, 0.36437471089208484, 1.0, 1.0]
00030402;[0.0425103829374099, 0.04858329478561131, 0.10931241326762545, 0.14574988435683395, 0.18826026729424383, 0.19433317914244524, 0.36437471089208484, 1.0, 1.0]
00030403;[0.0425103829374099, 0.04858329478561131, 0.10931241326762545, 0.14574988435683395, 0.18826026729424383, 0.19433317914244524, 0.36437471089208484, 1.0, 1.0]
00030400;[0.0425103829374099, 0.04858329478561131, 0.10931241326762545, 0.14574988435683395, 0.18826026729424383, 0.19433317914244524, 0.36437471089208484, 1.0, 1.0]
00030501;[0.02390416888019464, 0.02390416888019464, 0.06215083908850608, 0.06693167286454502, 0.1482058470572068, 0.15776751460928468, 0.3872475358591533, 1.0, 1.0]
00030502;[0.023706613765482287, 0.023706613765482287, 0.06163719579025395, 0.0663785185433504, 0.1469810053459902, 0.1564636508521831, 0.3887884657539095, 1.0, 1.0]
00030503;[0.023706613765482287, 0.023706613765482287, 0.06163719579025395, 0.0663785185433504, 0.1469810053459902, 0.1564636508521831, 0.3887884657539095, 1.0, 1.0]
00030500;[0.023706613765482287, 0.023706613765482287, 0.06163719579025395, 0.0663785185433504, 0.1469810053459902, 0.1564636508521831, 0.3887884657539095, 1.0, 1.0]
00030601;[0.025204192954339455, 0.025204192954339455, 0.03360559060578594, 0.08401397651446485, 0.18483074833182264, 0.23523913424050158, 0.8233369698417556, 0.9915986023485535, 1.0]
00030602;[0.025204192954339455, 0.025204192954339455, 0.03360559060578594, 0.08401397651446485, 0.18483074833182264, 0.23523913424050158, 0.8233369698417556, 0.9915986023485535, 1.0]
00030603;[0.025204192954339455, 0.025204192954339455, 0.03360559060578594, 0.08401397651446485, 0.18483074833182264, 0.23523913424050158, 0.8233369698417556, 0.9915986023485535, 1.0]
00030600;[0.025204192954339455, 0.025204192954339455, 0.03360559060578594, 0.08401397651446485, 0.18483074833182264, 0.23523913424050158, 0.8233369698417556, 0.9915986023485535, 1.0]
00030701;[0.010229394989247053, 0.017901441231182345, 0.046032277451611744, 0.051146974946235275, 0.07927781116666466, 0.09206455490322348, 0.194358504795694, 1.0, 1.0]
00030702;[0.010165059171704618, 0.017788853550483083, 0.04574276627267078, 0.050825295858523085, 0.07877920858071079, 0.09148553254534156, 0.19313612426238774, 1.0, 1.0]
00030703;[0.010165059171704618, 0.017788853550483083, 0.04574276627267078, 0.050825295858523085, 0.07877920858071079, 0.09148553254534156, 0.19313612426238774, 1.0, 1.0]
00030700;[0.010165059171704618, 0.017788853550483083, 0.04574276627267078, 0.050825295858523085, 0.07877920858071079, 0.09148553254534156, 0.19313612426238774, 1.0, 1.0]
00030801;[0.016052381548381296, 0.016052381548381296, 0.016052381548381296, 0.016052381548381296, 0.048157144645143896, 0.048157144645143896, 0.3210476309676259, 1.0, 1.0]
00030802;[0.016052381548381296, 0.016052381548381296, 0.016052381548381296, 0.016052381548381296, 0.048157144645143896, 0.048157144645143896, 0.3210476309676259, 1.0, 1.0]
00030803;[0.016052381548381296, 0.016052381548381296, 0.016052381548381296, 0.016052381548381296, 0.048157144645143896, 0.048157144645143896, 0.3210476309676259, 1.0, 1.0]
00030800;[0.016052381548381296, 0.016052381548381296, 0.016052381548381296, 0.016052381548381296, 0.048157144645143896, 0.048157144645143896, 0.3210476309676259, 1.0, 1.0]
00030001;[0.020396453874618498, 0.026395410896565115, 0.0689880057523861, 0.08278560690286332, 0.1307772630784363, 0.14097549001574555, 0.3023474339061096, 0.9988002085956107, 1.0]
00030002;[0.020317905271763755, 0.026293759763458973, 0.06872232665449504, 0.08246679198539404, 0.13027362791895583, 0.14103016600400722, 0.30237823727977814, 0.998804829101661, 1.0]
00030003;[0.020317905271763755, 0.026293759763458973, 0.06872232665449504, 0.08246679198539404, 0.13027362791895583, 0.14103016600400722, 0.30237823727977814, 0.998804829101661, 1.0]
00030000;[0.020317905271763755, 0.026293759763458973, 0.06872232665449504, 0.08246679198539404, 0.13027362791895583, 0.14103016600400722, 0.30237823727977814, 0.998804829101661, 1.0]
00000101;[0.09473323464471445, 0.11516589309749599, 0.15417369559826077, 0.167176296431849, 0.20432658452781546, 0.21732918536140375, 0.2860572183389417, 0.9981424855952018, 1.0]
00000102;[0.1176011515847994, 0.1483122803426133, 0.14906133226353557, 0.19025918791426144, 0.2367004070114434, 0.25617575695542294, 0.3011188722107603, 0.9985018961581554, 1.0]
00000103;[0.011506269785278503, 0.01464434336308173, 0.016736392414950552, 0.10355642806750653, 0.20397478255720985, 0.2207111749721604, 0.3012550634691099, 0.9947698773703281, 1.0]
00000100;[0.07720462211671122, 0.09659391077615924, 0.10505469128210018, 0.15652443935990767, 0.21927522811230304, 0.2369018541663467, 0.2982425128344186, 0.9971797398313529, 1.0]
00000201;[0.08435636265325208, 0.1154350225781344, 0.144293778222668, 0.15317339534406293, 0.2020112895117352, 0.22199042803487387, 0.28636765216498733, 0.9955601914393024, 1.0]
00000202;[0.11523354017991799, 0.1482622618875378, 0.1482622618875378, 0.20037424502622686, 0.26643168844146653, 0.2906527510270544, 0.33836090460472745, 0.9985320568129947, 1.0]
00000203;[0.006469435331302039, 0.009704152996953057, 0.009704152996953057, 0.12184103207285506, 0.24260382492382643, 0.25446445636454684, 0.34288007255900804, 0.9924523254468143, 1.0]
00000200;[0.07334807019453646, 0.09597284806548799, 0.10071675310294555, 0.16603667631101532, 0.2477778092641305, 0.2671183451860729, 0.3313435210778063, 0.9959859265067667, 1.0]
00000301;[0.0697447078579424, 0.08762796628305582, 0.10908787639319195, 0.12518280897579404, 0.15737267414099823, 0.17883258425113438, 0.2628838988491675, 0.9982116741574887, 1.0]
00000302;[0.09788122705054009, 0.12457610715523285, 0.12521169953867792, 0.16144046539504664, 0.2078387093865364, 0.2224573342057729, 0.27330472488137814, 0.9961864456993298, 1.0]
00000303;[0.0045961645485104625, 0.008273096187318833, 0.008273096187318833, 0.1001963871575281, 0.20131200722475828, 0.21785819959939598, 0.29599299692407377, 0.9972423012708937, 1.0]
00000300;[0.06128990849708429, 0.07893397306442673, 0.08295805796575043, 0.1343425267057302, 0.19656107018004304, 0.21296695477774744, 0.27890003816097453, 0.996904550075905, 1.0]
00000401;[0.09852215025162472, 0.11565643725190727, 0.1392160818772958, 0.16920108412779028, 0.20989501575346137, 0.23345466037884988, 0.3405439541306159, 0.9957164282499295, 1.0]
00000402;[0.12135582698345156, 0.15209930315259262, 0.15371738084570533, 0.20306875048564227, 0.2645557028239244, 0.2888268682206147, 0.3397963155536644, 0.9927186503809929, 1.0]
00000403;[0.004809624421131946, 0.014428873263395836, 0.016833685473961812, 0.13106226547584554, 0.2513028760041442, 0.26573174926754006, 0.3643290499007449, 0.9903807511577359, 1.0]
00000400;[0.0791072741899838, 0.10035997471863616, 0.1062635026432618, 0.1731701524556859, 0.2499160154758195, 0.2707751474761635, 0.3483081475529138, 0.992522197962141, 1.0]
00000501;[0.07341994727488353, 0.08366459108068124, 0.10073899742367741, 0.12464316630387207, 0.19635567294445597, 0.22025984182465064, 0.3892964646203127, 0.9982925593657004, 1.0]
00000502;[0.10006396275430314, 0.1384218151434527, 0.14008954785602443, 0.2218084507720387, 0.2818468284246206, 0.30853055182576816, 0.42527184170578847, 0.9924952027934274, 1.0]
00000503;[0.006655453052490386, 0.011979815494482692, 0.011979815494482692, 0.16239305448076544, 0.2968332061410713, 0.31280629346704825, 0.43393553902237314, 0.9920134563370114, 1.0]
00000500;[0.06610535591559999, 0.08814047455413332, 0.09286228569096189, 0.18178972876789995, 0.26638884496941184, 0.28921093213074994, 0.4198477069163403, 0.993704251817562, 1.0]
00000601;[0.04459203368844674, 0.04737903579397466, 0.05016603789950257, 0.13656310317086814, 0.2982092252914876, 0.32329224424123887, 0.8026566063920412, 0.9916389936834161, 1.0]
00000602;[0.0447782217205488, 0.05567022159852013, 0.05688044380718361, 0.28561244124458157, 0.43325955070152633, 0.4731968835874212, 0.8241613240998309, 0.9866875557047019, 1.0]
00000603;[0.008684590830708726, 0.01302688624606309, 0.019540329369094635, 0.3365278946899631, 0.5384446315039411, 0.5796964379498075, 0.8662879353631955, 0.9848019660462599, 1.0]
00000600;[0.03454542285743755, 0.04181814345900335, 0.044848443709655766, 0.26666642205741264, 0.4321208157430346, 0.469090478800994, 0.830908328728893, 0.9872727389472599, 1.0]
00000701;[0.018247920738882643, 0.0234616123785634, 0.03736479008437875, 0.041709533117446046, 0.07733642598859788, 0.09384644951425361, 0.18943079624173415, 0.9965242055735464, 1.0]
00000702;[0.0174318395806804, 0.025477304002532897, 0.02592427424819137, 0.03575761965267774, 0.07062129881403856, 0.08492434667510966, 0.1948790271070937, 0.9946363570520985, 1.0]
00000703;[0.0028521960146488845, 0.0038029280195318463, 0.0038029280195318463, 0.020916104107425153, 0.08651661244434951, 0.09697466449806208, 0.25384544530375075, 0.9971478039853511, 1.0]
00000700;[0.014157869538788259, 0.019776071736720104, 0.02359644923131376, 0.03370921318759108, 0.07595809371603858, 0.08989123516690957, 0.20719929705972656, 0.9957301663295717, 1.0]
00000801;[0.00921819930501104, 0.01843639861002208, 0.01843639861002208, 0.0230454982625276, 0.0691364947875828, 0.07835469409259384, 0.2765459791503312, 1.0, 1.0]
00000802;[0.017083268436809452, 0.027760311209815355, 0.027760311209815355, 0.034166536873618904, 0.09395797640245197, 0.11531206194846379, 0.2904155634257607, 0.9935937743361964, 1.0]
00000803;[0.0, 0.010231188239627643, 0.010231188239627643, 0.020462376479255286, 0.0971962882764626, 0.10231188239627641, 0.2915888648293878, 0.9897688117603725, 1.0]
00000800;[0.011354123534220916, 0.021572834715019744, 0.021572834715019744, 0.028385308835552295, 0.08856216356692313, 0.10332252416141033, 0.28725932541578925, 0.9943229382328896, 1.0]
00000001;[0.0544416996871552, 0.0667761472725263, 0.0846398299823741, 0.10271617558162485, 0.15162864014430338, 0.16927965996474825, 0.2941127760442799, 0.9970227195483587, 1.0]
00000002;[0.07430226628161425, 0.09635792683236107, 0.09708106324386095, 0.14733904384310367, 0.20166466675703335, 0.22146052602184296, 0.31420277079670456, 0.9951188292223758, 1.0]
00000003;[0.005662523836848974, 0.00968589603671535, 0.010728992532977004, 0.10922710453711307, 0.21294069902255738, 0.227842077540581, 0.3397514302109384, 0.9938904348076104, 1.0]
00000000;[0.049593208917187916, 0.06424473885691219, 0.06864019783882946, 0.12653594038852783, 0.19433256529143378, 0.21222519124812736, 0.3175830110874174, 0.9951605552623336, 1.0]
