01010101;[0.22432576796281736, 0.24427538706470198, 0.5843384586573146, 0.6777289520259052, 0.8328286301810917, 0.8989306403700934, 0.9528591188542443, 0.9721972083374814, 0.9859752449718107, 0.9908110631371554, 0.99521703079261, 0.996949714700878, 1.0]
01010102;[0.4044522030641525, 0.4365369173407043, 0.6898929133004789, 0.7608200263952603, 0.8725701283645813, 0.9122301934145447, 0.9564428862612251, 0.9773274220321908, 0.9895783507830732, 0.9940916512181397, 0.9977925575695992, 0.9997331077151097, 1.0]
01010103;[0.3083928806278906, 0.3227155378670246, 0.6409625166421092, 0.711164424913847, 0.8965342128527156, 0.9411999718939528, 0.9857516004548315, 0.990194357195817, 0.9946857794187104, 0.9946857794187104, 1.0, 1.0, 1.0]
01010100;[0.2996893858812053, 0.324482747062899, 0.6286765332323319, 0.712436625962459, 0.850458822670261, 0.905235263596047, 0.955038512426733, 0.9746319162497908, 0.9876607260264195, 0.9922459729525824, 0.9963818656740638, 0.9981562016718561, 1.0]
01010201;[0.22745194404040783, 0.24501519606160804, 0.5836874272348247, 0.6739033431757598, 0.8286797967143065, 0.8968062985093245, 0.9516066405616566, 0.9716161213745189, 0.9881050311633238, 0.9937464700199972, 0.9963611542863491, 0.9982594557403156, 1.0]
01010202;[0.3885513351281915, 0.4209635619356776, 0.6593862329147386, 0.741842665936175, 0.865878660874035, 0.9121868458894108, 0.9555631082796964, 0.9728652979736035, 0.9877568940517113, 0.9915086555767612, 0.9954241303263929, 0.9980637762232226, 1.0]
01010203;[0.26460966532595503, 0.2894000249430722, 0.6361036429984869, 0.7106659322120641, 0.8841853073479244, 0.9460330614743491, 0.9807335289784248, 0.9961130127517954, 1.0, 1.0, 1.0, 1.0, 1.0]
01010200;[0.2942746369651188, 0.31811423546789097, 0.6160570322847552, 0.702708028335169, 0.8452780617666787, 0.9043897685930701, 0.953985529626826, 0.9727584733193179, 0.988268886831544, 0.9929951539042873, 0.9960727878113702, 0.9982244419771533, 1.0]
01010301;[0.2197385654673801, 0.236962671096696, 0.5788659059520386, 0.6694785295952725, 0.82929522281911, 0.8961778633824798, 0.9506187921164827, 0.9706110530434993, 0.9873376080893842, 0.9936227794299352, 0.9963027764857116, 0.9985727826333967, 1.0]
01010302;[0.38843947956534935, 0.41925721244187947, 0.6643288028466303, 0.741316292953925, 0.8583779663386596, 0.9085720923415456, 0.9546042186847826, 0.9756632438563579, 0.9876237514292308, 0.9931463239864798, 0.9962596742611746, 0.9980405487786834, 1.0]
01010303;[0.3281159635082554, 0.35040249534398155, 0.7072398803533145, 0.778616007810066, 0.8963472591515583, 0.9528171540829348, 0.9788135859516286, 0.9831342593911487, 0.9918702626591649, 0.9918702626591649, 0.9918702626591649, 1.0, 1.0]
01010300;[0.2915939458209006, 0.3145208443681739, 0.6168958802335934, 0.7014921839799486, 0.8427642743421507, 0.9025095272680679, 0.9528213050362441, 0.9729873963907762, 0.9875636007726929, 0.9933901099156839, 0.9961868343003181, 0.9983865051631384, 1.0]
01010401;[0.22530147562031988, 0.24662820146120948, 0.5789965137707831, 0.6757133343586508, 0.8254662253436216, 0.8867046657070567, 0.9434365780875507, 0.9638610332321982, 0.9830473974469318, 0.990166233500867, 0.9960036790567418, 0.999064511930396, 1.0]
01010402;[0.3976211099054649, 0.43084853264497036, 0.6736706544768932, 0.748063886023274, 0.8691175459989526, 0.910719080253757, 0.9575603254521889, 0.9745691523667137, 0.9909943605189567, 0.9954381553126642, 0.9975637704859464, 0.9994744358089431, 1.0]
01010403;[0.29419171242135544, 0.318597580031105, 0.6439740867018925, 0.7364110799365041, 0.8814538359973694, 0.942342347599582, 0.9765046199095055, 0.9916455719036027, 0.9954722729940928, 0.9954722729940928, 1.0, 1.0, 1.0]
01010400;[0.2968595019409882, 0.32305511081514837, 0.6191873268304608, 0.7068779012845801, 0.8448225063312249, 0.8980460929483619, 0.9501048527764113, 0.9689825960006573, 0.9866150403515866, 0.9924517763381954, 0.9967470153786055, 0.9992565932432028, 1.0]
01010501;[0.2268852506675056, 0.24771739684144528, 0.5377097411940392, 0.6406799506184834, 0.7979347423140857, 0.8749707518535069, 0.9378230652270787, 0.9630705373893553, 0.9855602423829712, 0.9938017190545075, 0.9959135974485671, 0.9989034477572212, 1.0]
01010502;[0.4004971738819135, 0.429001935249739, 0.667283679869514, 0.7473650231604185, 0.8602998636874589, 0.9045022504987623, 0.9590659777767936, 0.976798390124242, 0.9898136301053272, 0.995128705280731, 0.9980342797057946, 0.9984913363566168, 1.0]
01010503;[0.3173559915280068, 0.3489305162832248, 0.631467462040328, 0.7180471648579448, 0.8848433419098517, 0.937863696771278, 0.9869710822024257, 0.9945050265170204, 0.9945050265170204, 1.0, 1.0, 1.0, 1.0]
01010500;[0.300407074960308, 0.32472082951868336, 0.5934610204927189, 0.686578213606333, 0.8258630730114037, 0.8887824752542351, 0.9478494209818595, 0.9695398554888484, 0.9875449803868752, 0.9945116655832363, 0.9968919496885874, 0.9987640832533183, 1.0]
01010601;[0.3824612472869447, 0.41911824578913903, 0.668512860058683, 0.7414034939489742, 0.8568335445367626, 0.9082200083636152, 0.9565038552316466, 0.9746524725015498, 0.9901916099337037, 0.9955944318487102, 0.9980311045288919, 0.9994249111682914, 1.0]
01010602;[0.4768503496701912, 0.5148926015387532, 0.7605203280468369, 0.8225411213337657, 0.9178474726736338, 0.9514525849731198, 0.9796392220703576, 0.9892618309149435, 0.9943818382160616, 0.9969675520942738, 0.9987849395603599, 0.9997378768078455, 1.0]
01010603;[0.5295417831759655, 0.5762028728629573, 0.8364196903024494, 0.9022596961736541, 0.951558245793662, 0.9806611273855802, 0.9951753861664208, 1.0, 1.0, 1.0, 1.0, 1.0, 1.0]
01010600;[0.42473217403804026, 0.4622252966666823, 0.7103368508522641, 0.7785448502589563, 0.884165975115957, 0.9276969392478825, 0.9669215292276011, 0.9812498840579404, 0.9921402966701334, 0.9962594951230027, 0.9983862220248857, 0.9995669560608174, 1.0]
01010701;[0.562657154690031, 0.592888026010686, 0.8446018785682285, 0.8882562347066687, 0.9568303323949376, 0.9751618037217482, 0.9893106249672005, 0.9949543936010978, 0.9989044173583289, 0.9992210597406369, 1.0, 1.0, 1.0]
01010702;[0.6372693535739218, 0.6672288739549852, 0.8827210290289723, 0.9248991389938006, 0.972718388615155, 0.9870481309281521, 0.9953381444631547, 0.9973336100026171, 0.9984863663771546, 0.9993180332034299, 1.0, 1.0, 1.0]
01010703;[0.5795893027538201, 0.6350706612115565, 0.8739496550407365, 0.9248474353439569, 0.9593282430432737, 0.9847724719151625, 1.0, 1.0, 1.0, 1.0, 1.0, 1.0, 1.0]
01010700;[0.5944074403155402, 0.6252532956479276, 0.8613814584705104, 0.9045489082025854, 0.9635045684458405, 0.9803022626119964, 0.9921149799124825, 0.9960816549691885, 0.9987550720297159, 0.9992810979330875, 1.0, 1.0, 1.0]
01010801;[0.5973709290075565, 0.6292003964390442, 0.8709668212432694, 0.9050858233650934, 0.956639083889556, 0.971621940022907, 0.9846984403134458, 0.9893556141275223, 0.996888714923774, 0.9982474213620152, 0.9982474213620152, 1.0, 1.0]
01010802;[0.6680576036437846, 0.6970340409408851, 0.8832459797943234, 0.927181038263937, 0.9686378951246283, 0.9824435272220257, 0.9962138830035885, 0.9962138830035885, 1.0, 1.0, 1.0, 1.0, 1.0]
01010803;[0.6143191258988239, 0.6453712053915333, 0.8483041059626312, 0.9347816486213134, 0.9757907230970893, 1.0, 1.0, 1.0, 1.0, 1.0, 1.0, 1.0, 1.0]
01010800;[0.6271250299128017, 0.6577218921392987, 0.8752585574617883, 0.9145861570940068, 0.9620987306471093, 0.976778345263835, 0.9898516533802023, 0.992459034059075, 0.9982581056842464, 0.9990187955482627, 0.9990187955482627, 1.0, 1.0]
01010001;[0.2959227610485002, 0.31924189203958725, 0.6257002894609028, 0.7098198508771701, 0.8467748013773521, 0.9052017987311659, 0.954482421514732, 0.9728573363769436, 0.9884100927492835, 0.993844821265867, 0.9967854900113811, 0.998740712829376, 1.0]
01010002;[0.4440020906697811, 0.47606559072583016, 0.7148004555460639, 0.7846339541965331, 0.8884039659859588, 0.9268729236915478, 0.9656279905902881, 0.9805780592557582, 0.9912880927191725, 0.9951006848692527, 0.9976851139976893, 0.9990621023326707, 1.0]
01010003;[0.3697916466468988, 0.4002656658177788, 0.7044751354651476, 0.7791587037020514, 0.9064355920656024, 0.9545467591926531, 0.985946467138813, 0.993626835356571, 0.9966131807986155, 0.9974749914954137, 0.9988883610361406, 1.0, 1.0]
01010000;[0.3585612939790653, 0.38568074010691655, 0.6642969672391907, 0.7423296826965491, 0.8653568815612595, 0.9153096304853001, 0.9598265649586029, 0.9765365194807947, 0.9897992550193642, 0.994453084634493, 0.9972082352394718, 0.9989041266707898, 1.0]
01020101;[0.004149313555400558, 0.16873961167287246, 0.5430025836721935, 0.6886765709551386, 0.8524461904057196, 0.9051805595610868, 0.9647934641160997, 0.9857747239514318, 0.9963802671065815, 0.9963802671065815, 0.9963802671065815, 0.9963802671065815, 1.0]
01020102;[0.01691733435852107, 0.2865661190288346, 0.6950808635295358, 0.8111367984217789, 0.8880248179699428, 0.945359599946165, 0.9739537396748253, 0.9834585779292114, 0.9930675311646939, 1.0, 1.0, 1.0, 1.0]
01020103;[0.010476739401859907, 0.22427563089827277, 0.6078932085912757, 0.7403637283840963, 0.8690104574192462, 0.922270760434252, 0.9694922819039, 0.9851889570951857, 0.9951068414024242, 0.9979689814165191, 0.9979689814165191, 0.9979689814165191, 1.0]
01020100;[0.010476739401859907, 0.22427563089827277, 0.6078932085912757, 0.7403637283840963, 0.8690104574192462, 0.922270760434252, 0.9694922819039, 0.9851889570951857, 0.9951068414024242, 0.9979689814165191, 0.9979689814165191, 0.9979689814165191, 1.0]
01020201;[0.004232760771722447, 0.14453308527129616, 0.5413539882094123, 0.6822712424065496, 0.8250343447983157, 0.918278863739495, 0.9504733381589519, 0.9754437566272084, 0.986262588810064, 0.9914661536593617, 1.0, 1.0, 1.0]
01020202;[0.01423847070067159, 0.19476675224176881, 0.6363476448476539, 0.7455176792043638, 0.8579135681663937, 0.9222546434995094, 0.9623650624056622, 0.9703648074087237, 0.982495867439345, 1.0, 1.0, 1.0, 1.0]
01020203;[0.00870425247131823, 0.16715029756079508, 0.5875256828352655, 0.715293354781027, 0.8449049858826444, 0.9223417184507599, 0.9572831098983721, 0.9737882058920843, 0.9849121332580617, 0.9956127479731081, 1.0, 1.0, 1.0]
01020200;[0.00870425247131823, 0.16715029756079508, 0.5875256828352655, 0.715293354781027, 0.8449049858826444, 0.9223417184507599, 0.9572831098983721, 0.9737882058920843, 0.9849121332580617, 0.9956127479731081, 1.0, 1.0, 1.0]
01020301;[0.005642393389627539, 0.14463321833725695, 0.5213266970639574, 0.667050278440765, 0.8371121866954316, 0.8849189788239188, 0.9357825901763583, 0.9579734535710454, 0.9772025447747023, 0.9864512161081805, 0.994035126590782, 1.0, 1.0]
01020302;[0.019175838739750525, 0.17026297443949243, 0.6128866252561599, 0.7289598708007788, 0.8562487601464167, 0.921237871909229, 0.9577008379893618, 0.990022108306109, 0.9941065225627338, 1.0, 1.0, 1.0, 1.0]
01020303;[0.011251040137419923, 0.15686613486291476, 0.5665755828670399, 0.7015446485872822, 0.8483440822231036, 0.9038074458187586, 0.9470274793713565, 0.9728872876361491, 0.9850873887601699, 0.9926318544347937, 0.9967561623310205, 1.0, 1.0]
01020300;[0.011251040137419923, 0.15686613486291476, 0.5665755828670399, 0.7015446485872822, 0.8483440822231036, 0.9038074458187586, 0.9470274793713565, 0.9728872876361491, 0.9850873887601699, 0.9926318544347937, 0.9967561623310205, 1.0, 1.0]
01020401;[0.007918526135013162, 0.1391534158697113, 0.5721973561822616, 0.7064058940462958, 0.8541506578052882, 0.9078242401679042, 0.9479765664063877, 0.9679968242313645, 0.9848631222203328, 0.9897304613491672, 0.993721679429101, 1.0, 1.0]
01020402;[0.008841084187462711, 0.17538268221149272, 0.6400414452715656, 0.7649120084821514, 0.8833433623134309, 0.9232946236314828, 0.9731060953546317, 0.9780733717242044, 0.9881167464909274, 0.9881167464909274, 1.0, 1.0, 1.0]
01020403;[0.008076115449866467, 0.1597898718468719, 0.6039101993014642, 0.7352027504150347, 0.8693290332358504, 0.9162505407823897, 0.9591520195038549, 0.9727644780829569, 0.9865260460766232, 0.9893627350598208, 0.9963409899485025, 1.0, 1.0]
01020400;[0.008076115449866467, 0.1597898718468719, 0.6039101993014642, 0.7352027504150347, 0.8693290332358504, 0.9162505407823897, 0.9591520195038549, 0.9727644780829569, 0.9865260460766232, 0.9893627350598208, 0.9963409899485025, 1.0, 1.0]
01020501;[0.010607594789342343, 0.17776285043539522, 0.5393850178637088, 0.6506803037513932, 0.8156117315913101, 0.8935041621347518, 0.959244730414166, 0.9860637089670682, 0.9920887646946214, 0.9964355972827964, 1.0, 1.0, 1.0]
01020502;[0.014668212941002023, 0.18736108999330084, 0.5762905675102757, 0.7213111985413855, 0.8511343271346297, 0.9257027053256255, 0.9711558298809573, 1.0, 1.0, 1.0, 1.0, 1.0, 1.0]
01020503;[0.011930421224702772, 0.1826434748903202, 0.55546874411306, 0.6806431750121229, 0.8290426149529371, 0.9031708132688574, 0.9603053289964554, 0.9904687842666231, 0.9955510946885086, 0.9979955481579368, 1.0, 1.0, 1.0]
01020500;[0.011930421224702772, 0.1826434748903202, 0.55546874411306, 0.6806431750121229, 0.8290426149529371, 0.9031708132688574, 0.9603053289964554, 0.9904687842666231, 0.9955510946885086, 0.9979955481579368, 1.0, 1.0, 1.0]
01020601;[0.012309943684965909, 0.23304693712161365, 0.5893180130990572, 0.7215791290426731, 0.8386277604158117, 0.9220673759438449, 0.971483056659884, 0.9844509710893891, 0.9844509710893891, 0.9920176153802566, 0.9951199395350735, 1.0, 1.0]
01020602;[0.008945546513187727, 0.2973558308448071, 0.7251490329749702, 0.8117862752712252, 0.8930999551452117, 0.9335232628304783, 0.9688032782018, 0.9889071482094551, 0.9939881696215406, 0.9939881696215406, 1.0, 1.0, 1.0]
01020603;[0.010550891152541899, 0.25030132741798816, 0.6331522158850539, 0.7573998105995605, 0.8634012039377752, 0.9284160720193193, 0.9721889724069469, 0.9867393083169563, 0.9883737215094553, 0.9930903720096048, 0.9969580254141936, 1.0, 1.0]
01020600;[0.010550891152541899, 0.25030132741798816, 0.6331522158850539, 0.7573998105995605, 0.8634012039377752, 0.9284160720193193, 0.9721889724069469, 0.9867393083169563, 0.9883737215094553, 0.9930903720096048, 0.9969580254141936, 1.0, 1.0]
01020701;[0.009538821228097306, 0.33978412092804183, 0.711426113639742, 0.8615486235058671, 0.9241337362637836, 0.9633893550660195, 0.9726023697429039, 0.9909770888643817, 0.9932990880929317, 1.0, 1.0, 1.0, 1.0]
01020702;[0.014443183924771924, 0.3660409221349813, 0.759945521936582, 0.8718508257321741, 0.9754979691772959, 0.9950778103938803, 0.9950778103938803, 0.9950778103938803, 1.0, 1.0, 1.0, 1.0, 1.0]
01020703;[0.010696571615791262, 0.3545923327824494, 0.7268447867632055, 0.8660517060049665, 0.9428124187679899, 0.9745328358222637, 0.9805593814729678, 0.9925789090096264, 0.9956167060483886, 1.0, 1.0, 1.0, 1.0]
01020700;[0.010696571615791262, 0.3545923327824494, 0.7268447867632055, 0.8660517060049665, 0.9428124187679899, 0.9745328358222637, 0.9805593814729678, 0.9925789090096264, 0.9956167060483886, 1.0, 1.0, 1.0, 1.0]
01020801;[0.0, 0.4271986382418266, 0.7959331638510996, 0.9216387762121001, 0.9748634824360555, 1.0, 1.0, 1.0, 1.0, 1.0, 1.0, 1.0, 1.0]
01020802;[0.011923097756977563, 0.3876931932856791, 0.7094810028704996, 0.8538243791765685, 0.9393868860285457, 1.0, 1.0, 1.0, 1.0, 1.0, 1.0, 1.0, 1.0]
01020803;[0.0043620535087213145, 0.4025658417817788, 0.755743096335892, 0.8930435877154126, 0.9556495045393756, 1.0, 1.0, 1.0, 1.0, 1.0, 1.0, 1.0, 1.0]
01020800;[0.0043620535087213145, 0.4025658417817788, 0.755743096335892, 0.8930435877154126, 0.9556495045393756, 1.0, 1.0, 1.0, 1.0, 1.0, 1.0, 1.0, 1.0]
01020001;[0.007851737086173816, 0.20997676308712654, 0.5891795738454739, 0.7261177220981595, 0.85712128329381, 0.9190737033309195, 0.9601315404380361, 0.9799829367912123, 0.9883449561347414, 0.9937745272202435, 0.997237386996487, 0.9995718992035999, 1.0]
01020002;[0.0140374674709005, 0.24005840585327895, 0.6608881386857789, 0.7780575404193668, 0.885685621036415, 0.9388940368528582, 0.9719862747704081, 0.9869297105183156, 0.9932243457449601, 0.9977656689743413, 1.0, 1.0, 1.0]
01020003;[0.004286640877403994, 0.2791420101465533, 0.650569307236312, 0.8373910231631488, 0.9419810835258333, 0.9565089999757749, 0.9782451917925439, 0.9926956343968808, 1.0, 1.0, 1.0, 1.0, 1.0]
01020000;[0.01011096395775647, 0.22399450673119503, 0.619054760786091, 0.7500801808395972, 0.8710787713881041, 0.9280299155186362, 0.9653386926058513, 0.9831010247120779, 0.9906235093408726, 0.9955254662880104, 0.9983966124957975, 0.9997515354243919, 1.0]
01000101;[0.21174180288903832, 0.23893904594140017, 0.5827171723714564, 0.6785948687652263, 0.834240257557039, 0.899335397484337, 0.9534717495038945, 0.9729135092306048, 0.9866016196700179, 0.9911595034258462, 0.9953122419529927, 0.996945341372668, 1.0]
01000102;[0.38177402965070456, 0.4264673892972888, 0.6897496847621356, 0.7637338096988264, 0.8735276257863525, 0.9142201438116674, 0.9574821804773471, 0.9775987536625727, 0.9898499150933919, 0.9944460466617043, 0.9979249647053571, 0.999749116487303, 1.0]
01000103;[0.2916355923074822, 0.32655259716921287, 0.6389989122000975, 0.7108076867021665, 0.8988080893028322, 0.9406888687064684, 0.9866400103565878, 0.9908057542957304, 0.9950171293481932, 0.9950171293481932, 1.0, 1.0, 1.0]
01000100;[0.283020644060155, 0.3175562249218214, 0.6277149148747678, 0.714151859745595, 0.8517365502927136, 0.9062810231714571, 0.9558391235272006, 0.9751731338760541, 0.9881371802729876, 0.9925978570992054, 0.9964915962845201, 0.9981620461892371, 1.0]
01000201;[0.21581758615259133, 0.23904574259808434, 0.5809353182765226, 0.6735601575032455, 0.8281636519797508, 0.8977168585862602, 0.9515867616130527, 0.9716719444009031, 0.9881094821829237, 0.9936901950187641, 0.9965503103430401, 0.9983499334672011, 1.0]
01000202;[0.36455674221886925, 0.40583796483267887, 0.6575738996529071, 0.7423261684394211, 0.865131760998241, 0.9130237141152853, 0.9559725099378114, 0.9725797499849039, 0.9876016245962408, 0.9920641951695764, 0.9957235030344761, 0.9981904521551995, 1.0]
01000203;[0.24870553051065658, 0.27899599398367175, 0.6383614620280549, 0.7188245882815547, 0.8911462491686322, 0.9492766975857646, 0.9818915235368046, 0.9963466367547004, 1.0, 1.0, 1.0, 1.0, 1.0]
01000200;[0.2779984378487981, 0.3088587704434793, 0.6140649935622768, 0.703136688010094, 0.844979256172121, 0.9053769888147406, 0.9541840512519812, 0.972682680731291, 0.9882065434219817, 0.9931842480304706, 0.9962992431731155, 0.9983268262169271, 1.0]
01000301;[0.20736529645365886, 0.23124141736275905, 0.5757530631913099, 0.6695432959246072, 0.8299698260995045, 0.8959375366466128, 0.9500101046910585, 0.9699872290895205, 0.9868992861885029, 0.9932961163103451, 0.996210227806126, 0.9986550254638421, 1.0]
01000302;[0.3653432454874024, 0.4038771337332635, 0.6613016616941765, 0.741429282588036, 0.8594185979726067, 0.9101567961728816, 0.9552161642616518, 0.9766870392685366, 0.9880995062621071, 0.9935885933546696, 0.9965010383843211, 0.9981669926391665, 1.0]
01000303;[0.30452054150047564, 0.3381318243503111, 0.7098606080963177, 0.790504672896679, 0.8997696535660449, 0.9562101592541484, 0.9803371399261378, 0.9843471057972932, 0.9924548870136718, 0.9924548870136718, 0.9924548870136718, 1.0, 1.0]
01000300;[0.27484811196496284, 0.3049948858322096, 0.6141295942662744, 0.7019962288640118, 0.8437197457441057, 0.903145347120415, 0.9527848242048839, 0.9730977207978946, 0.9875280032060613, 0.9934007969775002, 0.9962464325008623, 0.998484572798611, 1.0]
01000401;[0.21270602902649885, 0.2400111215832507, 0.5779824633950869, 0.67656284226328, 0.826453282219894, 0.8880089335401538, 0.9436085627871644, 0.9638476167040132, 0.9832767325803156, 0.9902233673871862, 0.9959196079206701, 0.9991197430496606, 1.0]
01000402;[0.3757690508769616, 0.4160354400292457, 0.6719267693893567, 0.7501230718959994, 0.8705376140202463, 0.9119139233744721, 0.9587032483885146, 0.9749740905393972, 0.9909393655418132, 0.9951278369577741, 0.9977037468749045, 0.9995046327083754, 1.0]
01000403;[0.28170709794681, 0.3234546943400112, 0.65085154374971, 0.7464461387068052, 0.8873445451752519, 0.9452074294436706, 0.9776721351328057, 0.9920607140271581, 0.9956972614891069, 0.9956972614891069, 1.0, 1.0, 1.0]
01000400;[0.2804391285326889, 0.31339576982798745, 0.6180216173955047, 0.7084499100299742, 0.8460987300036426, 0.8993327122963186, 0.9506865769653066, 0.9691418119951639, 0.9867246942249864, 0.9923626205355812, 0.9967545651252507, 0.9992998671329052, 1.0]
01000501;[0.21367232701665828, 0.2428054571203631, 0.537669118221941, 0.6413296967989597, 0.7991750504877342, 0.8758840910662768, 0.938787430333066, 0.9646069429303312, 0.9860242448997508, 0.99399153392246, 0.9961692595855514, 0.9989720525718901, 1.0]
01000502;[0.3762787172811419, 0.41373312385466493, 0.6630962971019992, 0.7478461476689982, 0.8610731083553197, 0.9066992847452089, 0.960173055156814, 0.978326200391349, 0.9904843956510356, 0.9954494767326283, 0.9981637210533488, 0.9985906808338454, 1.0]
01000503;[0.2940719737316293, 0.3368335795243198, 0.6280577175385393, 0.7158064983864508, 0.8792818848505233, 0.9284122016502142, 0.9774169800783008, 0.9913793562975729, 0.9949081859461282, 1.0, 1.0, 1.0, 1.0]
01000500;[0.28253830844759903, 0.3154946624860181, 0.5916804003408085, 0.687105677634648, 0.8267153313335386, 0.8899906928937716, 0.9486229277898472, 0.9709677548113874, 0.9880981937927592, 0.9947529940707448, 0.9970916810222337, 0.9988435064528669, 1.0]
01000601;[0.35568505182549176, 0.40516554440372443, 0.6622676825137253, 0.7394598910657079, 0.8553880548970486, 0.9090674983622586, 0.9576170908808054, 0.9754720463176431, 0.9898777631134339, 0.9953873787545884, 0.9978516795651062, 0.9994668579978657, 1.0]
01000602;[0.45013173318178246, 0.5010502350232143, 0.7582140957326964, 0.8221329670203595, 0.9168052431435616, 0.950626353398351, 0.9788582217511557, 0.9893560446016708, 0.9944212517028281, 0.996857478938866, 0.9988551852695587, 0.9997530308108314, 1.0]
01000603;[0.45398518588917863, 0.5149938739367025, 0.7992890374947652, 0.8908896095662213, 0.9504423909574641, 0.9752586448944095, 0.9958860141851023, 1.0, 1.0, 1.0, 1.0, 1.0, 1.0]
01000600;[0.3966020503825799, 0.4470951600002951, 0.7049265408092158, 0.7769851599993088, 0.8828169207863957, 0.9276669438851783, 0.9672255592188158, 0.9817386956292236, 0.9919796326921054, 0.9961000973884844, 0.9983137815221993, 0.9995966972227094, 1.0]
01000701;[0.5129962724982751, 0.5694219135308268, 0.8326282950300681, 0.8856943765572769, 0.9539892473361317, 0.9740485242368147, 0.9879154696209032, 0.994632087366111, 0.9984266057863237, 0.9992911081020878, 1.0, 1.0, 1.0]
01000702;[0.5989800382194347, 0.6477926450219857, 0.8757158225186892, 0.922213747684764, 0.9727831498050711, 0.9875752343260946, 0.9953547677932847, 0.99722735713, 0.9985795724727987, 0.9993600271585773, 1.0, 1.0, 1.0]
01000703;[0.5110379584782444, 0.6175092904379084, 0.8582240423685832, 0.9223351973675911, 0.9641387245345399, 0.986573518820704, 1.0, 1.0, 1.0, 1.0, 1.0, 1.0, 1.0]
01000700;[0.5484715076498397, 0.6030870383613686, 0.8511154710170946, 0.9016961297362491, 0.9619444384289508, 0.9798670677728212, 0.9913037995892082, 0.9958436079439682, 0.9985301661466954, 0.9993377671655153, 1.0, 1.0, 1.0]
01000801;[0.5547286818585132, 0.6138434383862931, 0.8653219633279126, 0.9057028674854648, 0.9579951582445135, 0.973647656689709, 0.9857907145742705, 0.9901154444290705, 0.9971108084015935, 0.9983725260294841, 0.9983725260294841, 1.0, 1.0]
01000802;[0.6287229960240546, 0.6786079944579736, 0.8722385395354153, 0.9219150042640789, 0.9658355757560431, 0.9835137907261191, 0.9964446892079287, 0.9964446892079287, 1.0, 1.0, 1.0, 1.0, 1.0]
01000803;[0.5434341447248998, 0.598372236506953, 0.8137925207386255, 0.9208912360999972, 0.9571683604384202, 1.0, 1.0, 1.0, 1.0, 1.0, 1.0, 1.0, 1.0]
01000800;[0.5848075213052985, 0.6399363395407021, 0.8667491338363538, 0.9124590003457504, 0.961272202792089, 0.97836665481387, 0.990545777723899, 0.9929748193619116, 0.9983772473822992, 0.9990859077510293, 0.9990859077510293, 1.0, 1.0]
01000001;[0.2775904631104409, 0.311468512021477, 0.6230695996004755, 0.7104061238587775, 0.8472960295851617, 0.9060116741728661, 0.9548004936861278, 0.9732796039914191, 0.9884838261612672, 0.9938819319247575, 0.9968328964045767, 0.9987968053483215, 1.0]
01000002;[0.4179566486596075, 0.46108321273417613, 0.7116558836507267, 0.7848688465137614, 0.8886187976798688, 0.9279277558406505, 0.966119997052907, 0.9809947433203527, 0.991471546394785, 0.9952866061737617, 0.9978283897478684, 0.9991201518399655, 1.0]
01000003;[0.34026914002907205, 0.389201937397769, 0.7007665697252885, 0.7836989736121962, 0.9092528688544516, 0.9544875178792608, 0.9854728998053902, 0.9936042414273455, 0.9968924060145143, 0.9976831650065806, 0.9989800097517137, 1.0, 1.0]
01000000;[0.336705294149496, 0.37479577334437303, 0.6613989496113027, 0.7428463920783734, 0.8658012231308951, 0.9162114669752246, 0.9602060434073054, 0.9769511069500545, 0.9899250995223965, 0.9945563505711755, 0.9972964097320645, 0.9989599977883996, 1.0]
02010101;[0.39285046714477073, 0.4132617316668827, 0.6993888237728626, 0.7723382762729822, 0.8855544517610046, 0.9293161063031281, 0.9605323513962392, 0.9776798573247955, 0.9867475725201595, 0.9936743829293921, 0.9971454845850524, 0.9986346191043415, 1.0]
02010102;[0.48084394684876475, 0.5083205209503654, 0.7367685065468677, 0.7951504689894531, 0.8922519710260861, 0.9327151614246836, 0.9687224325210673, 0.9789815762577296, 0.9917465255491649, 0.9963512213458082, 0.9991831092566922, 0.9991831092566922, 1.0]
02010103;[0.6387696300386447, 0.6693720452274485, 0.8777870899691982, 0.9172598437089692, 0.9619293009333775, 0.9669521857826331, 0.9869923870384988, 0.9944865355771889, 0.9970119484571259, 0.9970119484571259, 1.0, 1.0, 1.0]
02010100;[0.4404195617999644, 0.4641692078782682, 0.7240203198962114, 0.7895211003419046, 0.892595864223287, 0.9327637400216876, 0.9650840252438552, 0.979194057500492, 0.9892543487287153, 0.9948874938544969, 0.9980853870059422, 0.9989237859589334, 1.0]
02010201;[0.39552755174585275, 0.4169954051851399, 0.7063061643995416, 0.7809483845965997, 0.8922070199726003, 0.9345569099016705, 0.9676925966384817, 0.9798001075169019, 0.9907652286845599, 0.99554855681128, 0.9970571449106256, 0.998955592854576, 1.0]
02010202;[0.46309105481172713, 0.49296556146959897, 0.7398654970787772, 0.7949042382185303, 0.902947246138143, 0.9398548405016316, 0.9791700020568505, 0.9859418926162402, 0.9942292394504306, 0.9968287975304769, 0.9989604351530651, 0.9996310627192652, 1.0]
02010203;[0.6071730469576457, 0.6372284908960453, 0.8586469992933298, 0.8982152140895484, 0.9595587297197662, 0.9851212009545408, 0.9936202521889804, 0.9978579443209518, 1.0, 1.0, 1.0, 1.0, 1.0]
02010200;[0.43558313712693225, 0.4608583324657087, 0.7293332727349593, 0.7940716790769892, 0.9007930284587331, 0.9399263231400447, 0.9738382334268261, 0.9833623392326893, 0.9927116860934286, 0.9963359583667538, 0.9979870157333508, 0.9992856001781041, 1.0]
02010301;[0.4110129751369609, 0.4334531415866716, 0.7094157196135085, 0.7838611957970076, 0.8920207253925273, 0.9364609125573563, 0.9713617673296182, 0.9833017117394478, 0.9935746762357581, 0.9969098629113737, 0.998733098291435, 0.9992111000761441, 1.0]
02010302;[0.45073972189155137, 0.4793255969684067, 0.7220364949053981, 0.7882714839341726, 0.896091395976283, 0.92925376527043, 0.9690891935521555, 0.9832765150329956, 0.9897307425799462, 0.9928350509771041, 0.9962290948198074, 0.9988985675032608, 1.0]
02010303;[0.5896611548783023, 0.628079759312406, 0.8610772987969398, 0.912433805281998, 0.9712895491171761, 0.9880629350858907, 0.9952331606913692, 1.0, 1.0, 1.0, 1.0, 1.0, 1.0]
02010300;[0.4371131817292652, 0.4629754035118397, 0.7234242362921871, 0.793247703205751, 0.8983219642574678, 0.9366878325021192, 0.9718830679062949, 0.9842785177001028, 0.992444936093515, 0.9954923871110264, 0.9978247029530914, 0.9991349927511116, 1.0]
02010401;[0.40738238551335254, 0.43044466219758415, 0.6953555860590765, 0.7628638211438857, 0.8780235541731378, 0.9260581150713993, 0.9632355947597034, 0.9765508877518074, 0.9897480909739927, 0.9958416879140242, 0.9977154689704029, 0.9991892293508202, 1.0]
02010402;[0.477577146410855, 0.5134821829250946, 0.7351842341320911, 0.8011104144102903, 0.8939845937330642, 0.934912012954903, 0.9730390059568511, 0.9853285646731214, 0.9954232086703064, 0.9982243144242923, 0.9996024584532814, 0.9996024584532814, 1.0]
02010403;[0.6212802112928852, 0.6470834506744569, 0.8307032765866315, 0.87541613145108, 0.9454636458270724, 0.965580745144921, 0.9834169192477453, 0.9967567990605172, 0.9967567990605172, 1.0, 1.0, 1.0, 1.0]
02010400;[0.44805332093249495, 0.47613992383651565, 0.7192861849714279, 0.7847815015107119, 0.8885174300988063, 0.9320200434945379, 0.968276661933302, 0.9811997679192535, 0.9923561104726747, 0.9970159694215142, 0.9985791402848428, 0.9993987804373407, 1.0]
02010501;[0.3756077938874771, 0.40338402580733357, 0.6700444882795079, 0.7487561567846868, 0.8639530545137242, 0.9211939978943738, 0.9598465914244836, 0.9772296122346237, 0.9899639836548293, 0.9954763821967516, 0.9987911711818849, 0.9997392211463435, 1.0]
02010502;[0.4542774337191302, 0.49253235523691236, 0.7209394976059502, 0.7809531709460868, 0.8858825265588146, 0.9282373602707259, 0.9701319133384533, 0.984174901899571, 0.9948225123658455, 0.9989194818438726, 0.9993394212147695, 1.0, 1.0]
02010503;[0.6134252017588423, 0.6526398032183907, 0.863153027896612, 0.8990361524488077, 0.9563739156517885, 0.9760280268093946, 0.9956319175477, 0.9978040620546096, 1.0, 1.0, 1.0, 1.0, 1.0]
02010500;[0.4214336518908278, 0.4540150460855437, 0.7022374124015622, 0.7708815933633232, 0.8784535211443127, 0.9274620112890405, 0.9661555237441357, 0.9812602712829684, 0.9925046937328263, 0.9971117319243027, 0.9990827430434012, 0.9998578597751028, 1.0]
02010601;[0.45285068699560904, 0.48525573406908923, 0.7229026114320717, 0.784429557601009, 0.8868866829469915, 0.9287031198564085, 0.969667892852889, 0.9837799528597027, 0.9955436752121903, 0.9977105808522081, 0.9994874434744804, 0.9994874434744804, 1.0]
02010602;[0.5291935567463427, 0.5676267223153825, 0.7900484332594174, 0.8488522557719773, 0.9411931955975293, 0.9599657139118319, 0.9822911395694521, 0.9887546657753067, 0.9934739019276962, 0.9966167359797886, 0.9979052979393028, 0.999256598869708, 1.0]
02010603;[0.6327325798523126, 0.6676513304970683, 0.8449471485378566, 0.9182556042737995, 0.9661448935284197, 0.9787097555370144, 0.9891537189730922, 0.9954026473005725, 0.9975084401071266, 0.9975084401071266, 1.0, 1.0, 1.0]
02010600;[0.49379116825592284, 0.5286432810126318, 0.7566409744308045, 0.8178749848483706, 0.9128433369541397, 0.9439362618772258, 0.9757731044047042, 0.9864470640746509, 0.9948860864592277, 0.9972815269797703, 0.9989184113331325, 0.9994333861855248, 1.0]
02010701;[0.6194995530181155, 0.646252414985338, 0.8717311692308811, 0.9099597198832933, 0.9669771163448612, 0.9853892171851938, 0.9954326061027158, 0.9980080002004531, 0.9991651578400456, 1.0, 1.0, 1.0, 1.0]
02010702;[0.6582364967483036, 0.6858580667622608, 0.8864288287721516, 0.9243209473822056, 0.9776877238067078, 0.9876575075432292, 0.9960107269572203, 0.9987873798024115, 0.9995893992319314, 0.9995893992319314, 0.9995893992319314, 0.9995893992319314, 1.0]
02010703;[0.7129893731460124, 0.7376312761278265, 0.9273015943354875, 0.9578019129559632, 0.9722656661962549, 0.9893427161772991, 0.9957302466145013, 0.9978534943927767, 1.0, 1.0, 1.0, 1.0, 1.0]
02010700;[0.6414684617976889, 0.6683879220869156, 0.8814457071892018, 0.9190682908738459, 0.9715425514418116, 0.9865667016206008, 0.9956817516945179, 0.9983008085055433, 0.9993910567263327, 0.9998405251471242, 0.9998405251471242, 0.9998405251471242, 1.0]
02010801;[0.6572689692220878, 0.6938604418473348, 0.8961281054058795, 0.9258501948844295, 0.9721613657241123, 0.984048023927871, 0.9935330521461994, 0.9970800330100275, 0.9982753110475732, 1.0, 1.0, 1.0, 1.0]
02010802;[0.676593172014464, 0.7048738212500569, 0.9127973663818778, 0.9443010993445661, 0.9816500714479648, 0.9926743583801703, 0.9981724171515293, 1.0, 1.0, 1.0, 1.0, 1.0, 1.0]
02010803;[0.7489300559023644, 0.7721846266934086, 0.9140272903938907, 0.9572020293151927, 0.9879132873388634, 1.0, 1.0, 1.0, 1.0, 1.0, 1.0, 1.0, 1.0]
02010800;[0.669214959422621, 0.7019555884764485, 0.903370783243666, 0.9344935624856741, 0.9765795861185068, 0.9881512497671946, 0.9956196645644021, 0.9983278892186106, 0.9990123617829244, 1.0, 1.0, 1.0, 1.0]
02010001;[0.44047649939914146, 0.4657622323753363, 0.7280430763662445, 0.794196739339312, 0.8963332556156836, 0.9380691638308406, 0.9700556943466172, 0.9825778688731966, 0.9923353552692328, 0.9965224954731429, 0.9984538138894331, 0.9993314667022305, 1.0]
02010002;[0.5049953705045812, 0.5372919879390401, 0.7645075217965409, 0.8214440513099373, 0.914230033768105, 0.9455818163537633, 0.9773686725455079, 0.9867702873412506, 0.9942493161240332, 0.9970971073714343, 0.9986948681426902, 0.999468200926868, 1.0]
02010003;[0.6344960823733939, 0.6661742157140709, 0.8674695558716108, 0.912523325950142, 0.9625158814924205, 0.9792914536840653, 0.9916860514984731, 0.9972480888799874, 0.9988100231421487, 0.9992607719523415, 1.0, 1.0, 1.0]
02010000;[0.47773906310378184, 0.5061404988667485, 0.7510561604084413, 0.8123171919066887, 0.9074935113469005, 0.9436133024496537, 0.9742505471977229, 0.9851393658694301, 0.9934903334479198, 0.9969207694296187, 0.9986463652075237, 0.9994272258483708, 1.0]
02020101;[0.014823244559487386, 0.22424497252517164, 0.6734337268406697, 0.7900782589278649, 0.8999986104206095, 0.9544227551116562, 0.9794774071734684, 0.9836415544013137, 0.9878513152522747, 1.0, 1.0, 1.0, 1.0]
02020102;[0.00634007240213418, 0.22338012390032438, 0.6916804313712895, 0.8260002265791653, 0.9033461687991472, 0.9624360536629238, 0.9785102984861163, 0.9891966208273831, 1.0, 1.0, 1.0, 1.0, 1.0]
02020103;[0.011726546833878946, 0.22695829515652735, 0.6841006573135124, 0.8102907835458979, 0.907533116112448, 0.9605232615499301, 0.9803437906945658, 0.9869322359292821, 0.9935928502880498, 1.0, 1.0, 1.0, 1.0]
02020100;[0.011726546833878946, 0.22695829515652735, 0.6841006573135124, 0.8102907835458979, 0.907533116112448, 0.9605232615499301, 0.9803437906945658, 0.9869322359292821, 0.9935928502880498, 1.0, 1.0, 1.0, 1.0]
02020201;[0.007729697554485269, 0.22193873726397342, 0.622696780650237, 0.7396683372017032, 0.8783429319776944, 0.9340111946958287, 0.9699397949076137, 0.9862255000282538, 0.9961039582233027, 0.9961039582233027, 1.0, 1.0, 1.0]
02020202;[0.005644499925088563, 0.22340992995627543, 0.664386020524131, 0.7703028384264454, 0.8715679570559017, 0.924175061443985, 0.9623370120529708, 0.9861218136407449, 0.9861218136407449, 1.0, 1.0, 1.0, 1.0]
02020203;[0.006461824444196521, 0.23001064573010085, 0.6369338193720502, 0.7568836079075626, 0.8759033543848418, 0.9306530105400416, 0.9670595166604657, 0.9870273361631077, 0.9925327574887411, 0.9978286741655962, 1.0, 1.0, 1.0]
02020200;[0.006461824444196521, 0.23001064573010085, 0.6369338193720502, 0.7568836079075626, 0.8759033543848418, 0.9306530105400416, 0.9670595166604657, 0.9870273361631077, 0.9925327574887411, 0.9978286741655962, 1.0, 1.0, 1.0]
02020301;[0.0019130407416167406, 0.1994202429561631, 0.6178974628848083, 0.7221158836156899, 0.8456711109643988, 0.9007809798016443, 0.9460496104017122, 0.9686208968226809, 0.991439426699682, 0.9961430384061856, 1.0, 1.0, 1.0]
02020302;[0.014447638700388423, 0.23112376934067597, 0.6867164400120729, 0.7951581399079914, 0.8988372517037031, 0.9526984225680625, 0.972234256807339, 0.9771046152016861, 0.9820283229806929, 0.9891328326802667, 0.9949585306255821, 0.9949585306255821, 1.0]
02020303;[0.006602306739579845, 0.21826914667724087, 0.646543326277492, 0.7531150987730596, 0.8652464839445094, 0.9249157453748971, 0.9583939418996229, 0.9732317068419327, 0.9882320030735856, 0.9936430548082479, 0.9980801172243225, 0.9980801172243225, 1.0]
02020300;[0.006602306739579845, 0.21826914667724087, 0.646543326277492, 0.7531150987730596, 0.8652464839445094, 0.9249157453748971, 0.9583939418996229, 0.9732317068419327, 0.9882320030735856, 0.9936430548082479, 0.9980801172243225, 0.9980801172243225, 1.0]
02020401;[0.0, 0.2366173473981091, 0.6402966013452648, 0.7790250796930738, 0.8875741715981909, 0.9341784026166038, 0.9884110745031587, 1.0, 1.0, 1.0, 1.0, 1.0, 1.0]
02020402;[0.022155411838486603, 0.22853566949100818, 0.7365630419888034, 0.8400184758532017, 0.9308708277157037, 0.9523243208426382, 0.9683733270216577, 0.9790428704541762, 0.9844360786889249, 1.0, 1.0, 1.0, 1.0]
02020403;[0.008745816740789693, 0.23821488387000037, 0.6836689589052595, 0.8092107094517311, 0.9114226373142, 0.9452975786975106, 0.9811977364095356, 0.9917272034590496, 0.9938561646000064, 1.0, 1.0, 1.0, 1.0]
02020400;[0.008745816740789693, 0.23821488387000037, 0.6836689589052595, 0.8092107094517311, 0.9114226373142, 0.9452975786975106, 0.9811977364095356, 0.9917272034590496, 0.9938561646000064, 1.0, 1.0, 1.0, 1.0]
02020501;[0.014765677313097527, 0.23741505086715334, 0.6254331496981467, 0.7460935886357137, 0.8626511503725789, 0.9220767022916609, 0.9563930589989599, 0.9750589484415367, 0.9813490663075489, 0.990425194582481, 0.994146407169879, 1.0, 1.0]
02020502;[0.014707911754449713, 0.23848425037179907, 0.6688573496772021, 0.8113028573344105, 0.925293490640631, 0.975140286589435, 1.0, 1.0, 1.0, 1.0, 1.0, 1.0, 1.0]
02020503;[0.013922876671930599, 0.2408860253413346, 0.6409857515818801, 0.768048853826978, 0.8894819606340992, 0.9421127469600828, 0.9746966594853221, 0.9855277186179402, 0.9891776190830375, 0.9944441284740545, 0.9966033973212821, 1.0, 1.0]
02020500;[0.013922876671930599, 0.2408860253413346, 0.6409857515818801, 0.768048853826978, 0.8894819606340992, 0.9421127469600828, 0.9746966594853221, 0.9855277186179402, 0.9891776190830375, 0.9944441284740545, 0.9966033973212821, 1.0, 1.0]
02020601;[0.00810146702288419, 0.23349359632994937, 0.6546773742340152, 0.7939480772232673, 0.9055725171320819, 0.941266355551363, 0.9768689886488927, 0.9932552156606616, 0.9960161689921474, 1.0, 1.0, 1.0, 1.0]
02020602;[0.01447437813459133, 0.33537103612128694, 0.7177902815106209, 0.8369464642136758, 0.9117335836825156, 0.9558833750917731, 0.9901343590194215, 0.9901343590194215, 1.0, 1.0, 1.0, 1.0, 1.0]
02020603;[0.029906699657971693, 0.387423361800296, 0.6423097372161749, 0.8052351229553477, 0.8481584008913644, 0.9241763213943583, 1.0, 1.0, 1.0, 1.0, 1.0, 1.0, 1.0]
02020600;[0.01165631581800733, 0.2776771880263305, 0.6750511709175155, 0.8091091493067782, 0.903910246473426, 0.9450608591076461, 0.9828226860777106, 0.9926461660194306, 0.9976117086643109, 1.0, 1.0, 1.0, 1.0]
02020701;[0.014448774483849425, 0.38432760577480624, 0.7970841426235262, 0.8962053159262051, 0.9538093505941977, 0.9864550506514624, 0.9918820978806324, 1.0, 1.0, 1.0, 1.0, 1.0, 1.0]
02020702;[0.028377421078502496, 0.39845202510507743, 0.7925824568503814, 0.8918281154062782, 0.9732849091006816, 1.0, 1.0, 1.0, 1.0, 1.0, 1.0, 1.0, 1.0]
02020703;[0.0228579883006662, 0.5196826143423787, 0.7794322068589566, 0.8762853691785539, 0.9418987465226627, 1.0, 1.0, 1.0, 1.0, 1.0, 1.0, 1.0, 1.0]
02020700;[0.019443388645592148, 0.40084653902803336, 0.7944090324356292, 0.8932709437340788, 0.9588498562631707, 0.9917977907677717, 0.9950841653227008, 1.0, 1.0, 1.0, 1.0, 1.0, 1.0]
02020801;[0.0, 0.3907930540457615, 0.7994214964618712, 0.8864876731664454, 0.9323634669791986, 0.9729869073915088, 1.0, 1.0, 1.0, 1.0, 1.0, 1.0, 1.0]
02020802;[0.0, 0.35754032796016194, 0.796104633482793, 0.8818898309879901, 0.9400051924242423, 0.9828899348656394, 1.0, 1.0, 1.0, 1.0, 1.0, 1.0, 1.0]
02020803;[0.0, 0.35754032796016194, 0.796104633482793, 0.8818898309879901, 0.9400051924242423, 0.9828899348656394, 1.0, 1.0, 1.0, 1.0, 1.0, 1.0, 1.0]
02020800;[0.0, 0.35754032796016194, 0.796104633482793, 0.8818898309879901, 0.9400051924242423, 0.9828899348656394, 1.0, 1.0, 1.0, 1.0, 1.0, 1.0, 1.0]
02020001;[0.008711007987069851, 0.257142974226021, 0.6695955679844038, 0.7875158727803283, 0.8935966992397568, 0.9410117886830304, 0.9735821393471653, 0.9873748688315448, 0.9936720749586443, 0.99756622755533, 0.9991628301176867, 1.0, 1.0]
02020002;[0.014610555426864165, 0.26820842584370125, 0.7093708344691554, 0.8245943929784694, 0.9162617065136011, 0.9608268663063995, 0.9819941455277517, 0.9890302573742193, 0.993298168171826, 0.9984300415179986, 0.9992716687455667, 0.9992716687455667, 1.0]
02020003;[0.012205582038467758, 0.3730022438829736, 0.6885439460318901, 0.8303966053690859, 0.9214898620720353, 0.9711291991144666, 0.9958854481225817, 1.0, 1.0, 1.0, 1.0, 1.0, 1.0]
02020000;[0.0110697068388274, 0.2684820699248014, 0.6852757361354016, 0.803683649779639, 0.9035801644310669, 0.9500903498719119, 0.9780276774108951, 0.9887625427873797, 0.9939303779983548, 0.9980315991443969, 0.9992545087207397, 0.9997354282167267, 1.0]
02000101;[0.3688922989917046, 0.40074758301679336, 0.6976151688740188, 0.7731998399303925, 0.8861573343128238, 0.9306128488498745, 0.9615778776738672, 0.9781289154053111, 0.9868696879570302, 0.9940766728626773, 0.9973270230504737, 0.9987214531607336, 1.0]
02000102;[0.44534389393901364, 0.4867140287282586, 0.734035554865529, 0.79818796762055, 0.8934899472948593, 0.9349064893309846, 0.9692711540692075, 0.979843496130962, 0.9923744310420268, 0.996628812095359, 0.9992452564394148, 0.9992452564394148, 1.0]
02000103;[0.595158552597385, 0.6400749896871729, 0.863165278268599, 0.9132007434350478, 0.9646106330368979, 0.9692797544216312, 0.9879085175819072, 0.9948748507256088, 0.9972223979294318, 0.9972223979294318, 1.0, 1.0, 1.0]
02000100;[0.41124132211063397, 0.44754092431322107, 0.7212551177902663, 0.7910007814191478, 0.8935931106776629, 0.9344792318300748, 0.9659671032507149, 0.979799785363225, 0.9895887280456898, 0.9952385871646786, 0.9982168700388558, 0.9989976932637635, 1.0]
02000201;[0.36641322149572825, 0.40175237400774333, 0.6997269692659358, 0.7776227371963742, 0.8916186916094697, 0.9347633679350908, 0.9679747234776065, 0.9803359930520582, 0.9911821625904247, 0.9956050282786444, 0.9972789128290218, 0.9990342973750381, 1.0]
02000202;[0.42887346609723503, 0.4722301268298149, 0.734464382061001, 0.7931795059750589, 0.9006808047629381, 0.938791302711755, 0.9777960668063378, 0.9860367763565048, 0.9937012755651633, 0.9970671338723416, 0.9990385651637254, 0.9996587907381201, 1.0]
02000203;[0.5658099456763768, 0.616733481433306, 0.8397079443839657, 0.8921805856320452, 0.9543890615763808, 0.9821802884026859, 0.9920803649569621, 0.9980038698794833, 1.0, 1.0, 1.0, 1.0, 1.0]
02000200;[0.40361338909847805, 0.44305489551369337, 0.7223395745796543, 0.7911337843183242, 0.8992258069497304, 0.939412608500358, 0.9733496394118879, 0.9836939592327836, 0.9927314175973088, 0.9964572224751475, 0.9981375604726486, 0.9993390278857736, 1.0]
02000301;[0.3792180700949576, 0.41471964606951695, 0.7022163794850931, 0.7791238650470127, 0.8882569357534466, 0.9334843879457362, 0.9691979647320247, 0.9823189587451692, 0.9934518487262404, 0.9968696900872812, 0.9988315310257118, 0.999272394157643, 1.0]
02000302;[0.41746651630849796, 0.4603030517409706, 0.7195644884300274, 0.7891442047526559, 0.8969938060933546, 0.9312132355316536, 0.9696117260186146, 0.9830301372420635, 0.9893165398327185, 0.9926584015192573, 0.996181678549453, 0.9986448934502837, 1.0]
02000303;[0.5568583136661011, 0.6120060082944727, 0.8491136482228472, 0.9040797989946655, 0.9615780055677775, 0.98646987847408, 0.9954983398906966, 1.0, 1.0, 1.0, 1.0, 1.0, 1.0]
02000300;[0.40448420026225057, 0.44405375234540134, 0.7176132357637, 0.7903393074661107, 0.8959502862699704, 0.9356605027740831, 0.9708826146191963, 0.9836199003065772, 0.9922044393410734, 0.9953949765022754, 0.997857320472574, 0.9990677423672614, 1.0]
02000401;[0.38019530203780844, 0.41694356944833616, 0.6913815324412719, 0.7631076807042334, 0.8786298895885887, 0.9263802601476444, 0.9649714427236576, 0.9781241062621485, 0.9904358992319489, 0.9961206721875518, 0.9978687398688987, 0.9992436245611561, 1.0]
02000402;[0.44289438921355634, 0.4909578803600605, 0.734764445725347, 0.8036031084119307, 0.8967001785475441, 0.935956520476975, 0.9726208065368809, 0.9850448511654498, 0.9947340991558831, 0.9983587500922106, 0.999632555990869, 0.999632555990869, 1.0]
02000403;[0.5811377519033416, 0.6240462459836901, 0.8255962931319696, 0.8763823919970343, 0.9489873752857731, 0.9678046587914914, 0.9844883933323063, 0.996966350338087, 0.996966350338087, 1.0, 1.0, 1.0, 1.0]
02000400;[0.4172498194666557, 0.4586863958318831, 0.7166272905733775, 0.7859627817797461, 0.8901212030995873, 0.9327426005346698, 0.9691625368623074, 0.9819887796943646, 0.9924986637944353, 0.9972253882419678, 0.9986788560075045, 0.9994409739364801, 1.0]
02000501;[0.34716810178761903, 0.3898208424150718, 0.6662195531045421, 0.7482433420301585, 0.863471843802303, 0.9211113377536874, 0.9592843049760543, 0.976924956221166, 0.989361744480465, 0.9951177756090596, 0.9984495018575498, 0.9997597312802207, 1.0]
02000502;[0.4224535328131536, 0.47362856489885186, 0.717332099183408, 0.7843858129612603, 0.8893634482984243, 0.931877527165049, 0.9723257991016229, 0.9853372949854324, 0.9952028117984228, 0.9989988486083539, 0.9993879423808151, 1.0, 1.0]
02000503;[0.5739391879825094, 0.6289747402899912, 0.8482026170551282, 0.887614795932402, 0.9551061162825011, 0.97349509763829, 0.9959130898298186, 0.9979454139842581, 1.0, 1.0, 1.0, 1.0, 1.0]
02000500;[0.39074150846077577, 0.43746949830886706, 0.6976030260175066, 0.7710795622058295, 0.8793719652088575, 0.9286268627003321, 0.9666827777162657, 0.9815327551068929, 0.9923110625096371, 0.9969396995892672, 0.9989133504371976, 0.9998686179169626, 1.0]
02000601;[0.4144942686783866, 0.4631529823603269, 0.7164077135410203, 0.7847310230968493, 0.8880494348597103, 0.9293928805629983, 0.9704041036575399, 0.9846389782902062, 0.9956033988053107, 0.9979105939439996, 0.9995322225248723, 0.9995322225248723, 1.0]
02000602;[0.49170041676178666, 0.5502635910221167, 0.7849452711205808, 0.8482710408880489, 0.9394946208771946, 0.9598985083945543, 0.9829193417876465, 0.9889080534900224, 0.9939533129979334, 0.9968652725795845, 0.9980591760063532, 0.9993112095616621, 1.0]
02000603;[0.5836966511861895, 0.642934657352065, 0.828436746415442, 0.9081737352518893, 0.9554394763497556, 0.9727584770158308, 0.9900332239647909, 0.99577543818048, 0.9977104761190518, 0.9977104761190518, 1.0, 1.0, 1.0]
02000600;[0.45475340945018095, 0.5078114675998546, 0.7498463974311771, 0.8169824232513775, 0.911979949379752, 0.943809588626989, 0.9764397938384458, 0.9869930936788782, 0.995121779056054, 0.9975042385988879, 0.99900702076991, 0.9994798061717072, 1.0]
02000701;[0.5596199476316628, 0.6196065709001697, 0.8645964157145246, 0.9090217902275421, 0.9658594589454751, 0.985551100883829, 0.9951133251988069, 0.9982059511778186, 0.9992481186021634, 1.0, 1.0, 1.0, 1.0]
02000702;[0.6119072125890177, 0.6644818826427223, 0.8796114754783927, 0.9218215584969426, 0.9774930507197098, 0.9885711680458334, 0.9963060353178336, 0.9988771447492467, 0.9996197942032418, 0.9996197942032418, 0.9996197942032418, 0.9996197942032418, 1.0]
02000703;[0.6396145214214436, 0.7105940459092208, 0.9089378079858703, 0.9484722607958722, 0.9694828253920992, 0.9904731377509562, 0.996183140749767, 0.9980811749431635, 1.0, 1.0, 1.0, 1.0, 1.0]
02000700;[0.5855930398686379, 0.6436120114096178, 0.8735934143011507, 0.9168822690155524, 0.9705899982111361, 0.9870770113506072, 0.995650840452619, 0.9984541040265719, 0.9994459936046765, 0.9998549124488159, 0.9998549124488159, 0.9998549124488159, 1.0]
02000801;[0.6027021952010546, 0.6684113904817388, 0.8886062148784178, 0.9228690750378692, 0.9690282011279857, 0.983197970167799, 0.9940699411500447, 0.9973224500209495, 0.9984184955226215, 1.0, 1.0, 1.0, 1.0]
02000802;[0.6335902703369096, 0.6777289170540922, 0.9056097921525228, 0.9400281143611142, 0.9793751542063578, 0.9931399614328357, 0.9982885746429009, 1.0, 1.0, 1.0, 1.0, 1.0, 1.0]
02000803;[0.6877808798787657, 0.7376112315191808, 0.8957857796802597, 0.9512951874890717, 0.9889001518854759, 1.0, 1.0, 1.0, 1.0, 1.0, 1.0, 1.0, 1.0]
02000800;[0.6184999155724185, 0.6753876807343576, 0.8952888731975386, 0.9307946888397048, 0.9739539555905509, 0.9877941938083414, 0.9959516190441504, 0.998454606606509, 0.999087207861575, 1.0, 1.0, 1.0, 1.0]
02000001;[0.4067089641333252, 0.4488749297482939, 0.7232416742709004, 0.7934140032103534, 0.8960036205598169, 0.9381515399535495, 0.9702784923422982, 0.982974463508658, 0.9924670462668617, 0.9966147367967535, 0.9985130286458578, 0.9993839677895163, 1.0]
02000002;[0.4686556574432491, 0.5168381095556182, 0.7605327301307093, 0.8219570225587463, 0.9146935275857059, 0.946762127626769, 0.9777000427141165, 0.9870173703669965, 0.9942260861804509, 0.9972078754198129, 0.9987431501562087, 0.9994587172405166, 1.0]
02000003;[0.5885075704918131, 0.6429428709145755, 0.8532562311694449, 0.9058786995346118, 0.9592480603654678, 0.9782380036602871, 0.9920135818167708, 0.9974512305494521, 0.9988978653270835, 0.9993153405823472, 1.0, 1.0, 1.0]
02000000;[0.44211565012060833, 0.4873822419107634, 0.7459244028617102, 0.8116164930387209, 0.9072545233802822, 0.9440316872347925, 0.9745125826051334, 0.9854595272982865, 0.9935567771971907, 0.9970166347337707, 0.9986970609225946, 0.9994523086473941, 1.0]
03010101;[0.8672171885503189, 0.878331105252245, 0.9495106140669706, 0.9656053231855396, 0.9861540279186769, 0.9913529046053603, 0.9948099662419948, 0.9982574011363609, 1.0, 1.0, 1.0, 1.0, 1.0]
03010102;[0.8741690609642632, 0.8848433888150021, 0.9660178838500152, 0.9811517026708007, 0.9939672491790927, 0.9939672491790927, 0.9984949643319238, 1.0, 1.0, 1.0, 1.0, 1.0, 1.0]
03010103;[0.8838358294835417, 0.9025776962458629, 0.9760672939732138, 0.9865062121321249, 0.9926940957008529, 1.0, 1.0, 1.0, 1.0, 1.0, 1.0, 1.0, 1.0]
03010100;[0.8722684141108207, 0.8839254434364722, 0.9601069685305395, 0.9751702128608561, 0.9905651233335729, 0.993473354979715, 0.9970993556021462, 0.9992688976676326, 1.0, 1.0, 1.0, 1.0, 1.0]
03010201;[0.8576358535958654, 0.8708347831866516, 0.9517848038829224, 0.9653569725498325, 0.9827882008421651, 0.9922869787713403, 0.9954451476175041, 0.9954451476175041, 0.997037083782074, 0.997037083782074, 0.997037083782074, 1.0, 1.0]
03010202;[0.8723956022972005, 0.8829494558956694, 0.9530709923776381, 0.9667870877842287, 0.9911785812612891, 0.9911785812612891, 0.9952821438680253, 0.9980102342539501, 0.9980102342539501, 1.0, 1.0, 1.0, 1.0]
03010203;[0.9024668875078029, 0.9124239253616325, 0.957974092179729, 0.985703641370173, 0.9922785457497925, 0.9922785457497925, 0.9922785457497925, 1.0, 1.0, 1.0, 1.0, 1.0, 1.0]
03010200;[0.8685718317358119, 0.8806019203899433, 0.9530442279980781, 0.9678811950615693, 0.9877406863431151, 0.9917602894304677, 0.9951013995551264, 0.9971004833159034, 0.9977741438193581, 0.9987461811123552, 0.9987461811123552, 1.0, 1.0]
03010301;[0.8725088822489931, 0.8830658868287373, 0.9482952498723581, 0.9675391534498683, 0.9865511865827927, 0.9940335561231273, 0.9985115064233802, 1.0, 1.0, 1.0, 1.0, 1.0, 1.0]
03010302;[0.8767332346515303, 0.8923814398810047, 0.9526040628546363, 0.974877770065612, 0.99324743731571, 0.9946029798595153, 0.9959550587048412, 1.0, 1.0, 1.0, 1.0, 1.0, 1.0]
03010303;[0.9007532106504302, 0.9137475363165533, 0.9816844021618422, 0.9865094890072145, 0.9865094890072145, 0.9932633733064744, 1.0, 1.0, 1.0, 1.0, 1.0, 1.0, 1.0]
03010300;[0.8770301470388164, 0.8906226745250315, 0.9536115581175355, 0.9728827338926627, 0.9897458275650692, 0.994241611636491, 0.9974446804867256, 1.0, 1.0, 1.0, 1.0, 1.0, 1.0]
03010401;[0.862127538343366, 0.8722564993095799, 0.9397756301204616, 0.9657273040465054, 0.9857925937828927, 0.9889513493287482, 0.9952527178407505, 0.9968236731760801, 1.0, 1.0, 1.0, 1.0, 1.0]
03010402;[0.8728818520660308, 0.8877039815480117, 0.9690716108066252, 0.9844822276173935, 0.9923121935552156, 0.9953937523882663, 0.9984674371854243, 1.0, 1.0, 1.0, 1.0, 1.0, 1.0]
03010403;[0.9289582544932214, 0.9524363494668451, 0.9769859602663398, 0.9926782655248226, 0.9926782655248226, 1.0, 1.0, 1.0, 1.0, 1.0, 1.0, 1.0, 1.0]
03010400;[0.8736384225949767, 0.8871824810858898, 0.9568132742901236, 0.9769301345679395, 0.98945105164346, 0.9929708573779168, 0.9971838316397407, 0.9985842458263018, 1.0, 1.0, 1.0, 1.0, 1.0]
03010501;[0.8689077429088528, 0.8942449272267398, 0.9502889690570719, 0.969829220602186, 0.9878470436364472, 0.9939251195271414, 0.9984720283661421, 0.9984720283661421, 1.0, 1.0, 1.0, 1.0, 1.0]
03010502;[0.8900057995408887, 0.9044420080615623, 0.9560168034223818, 0.968881980722671, 0.989218243673387, 0.9952208934190562, 0.9982145492707704, 0.9982145492707704, 0.9982145492707704, 0.9982145492707704, 1.0, 1.0, 1.0]
03010503;[0.8893074459055023, 0.9050223568896312, 0.9512377033059182, 0.9731200845700533, 0.9938740554942755, 1.0, 1.0, 1.0, 1.0, 1.0, 1.0, 1.0, 1.0]
03010500;[0.8796527437092971, 0.8990218833158048, 0.9530302219418071, 0.969812020445245, 0.9891390900761281, 0.9951794309713673, 0.998526601273658, 0.998526601273658, 0.9992014836770688, 0.9992014836770688, 1.0, 1.0, 1.0]
03010601;[0.811175588814702, 0.8329424076197682, 0.9455581476135793, 0.9617231712986082, 0.9844807786434694, 0.9887233201443619, 0.997186721960835, 1.0, 1.0, 1.0, 1.0, 1.0, 1.0]
03010602;[0.8998701484654873, 0.9121868510718494, 0.9744345008784115, 0.9881549111370037, 0.9935769481656765, 0.9961376223088106, 0.9961376223088106, 0.9961376223088106, 1.0, 1.0, 1.0, 1.0, 1.0]
03010603;[0.852558443271108, 0.8736159329182795, 0.9561854262853763, 0.9640045481777897, 0.9825443298461207, 0.9934890954587478, 0.9934890954587478, 0.9934890954587478, 0.9934890954587478, 0.9934890954587478, 1.0, 1.0, 1.0]
03010600;[0.8568823632233908, 0.8741273377345147, 0.9602803088230943, 0.974367896279405, 0.9885387936572305, 0.9927216139594195, 0.9962977273678644, 0.9974864457503426, 0.9992890549649899, 0.9992890549649899, 1.0, 1.0, 1.0]
03010701;[0.8764830706219839, 0.8917883724423304, 0.9706307203333322, 0.987680333920516, 0.9971923427017968, 1.0, 1.0, 1.0, 1.0, 1.0, 1.0, 1.0, 1.0]
03010702;[0.9193313417003961, 0.9300848201274516, 0.9824728310066249, 0.9879178441153765, 0.9969552461311685, 0.9984795705515562, 1.0, 1.0, 1.0, 1.0, 1.0, 1.0, 1.0]
03010703;[0.922176596510838, 0.9412658922124393, 0.9745334110377714, 0.9957982720110534, 1.0, 1.0, 1.0, 1.0, 1.0, 1.0, 1.0, 1.0, 1.0]
03010700;[0.9000373766370584, 0.9138826511712785, 0.9761557224799785, 0.9888571732207226, 0.997461797585181, 0.9993666662320682, 1.0, 1.0, 1.0, 1.0, 1.0, 1.0, 1.0]
03010801;[0.8891536341908469, 0.8937770785379288, 0.9723369485049909, 0.9877880530604336, 1.0, 1.0, 1.0, 1.0, 1.0, 1.0, 1.0, 1.0, 1.0]
03010802;[0.9403366404598252, 0.9451570352729445, 0.9892604706700927, 1.0, 1.0, 1.0, 1.0, 1.0, 1.0, 1.0, 1.0, 1.0, 1.0]
03010803;[0.9152606677364067, 0.929270133147439, 0.9658922402366437, 0.9814983337736941, 1.0, 1.0, 1.0, 1.0, 1.0, 1.0, 1.0, 1.0, 1.0]
03010800;[0.9145215530565872, 0.9205694362281882, 0.9785385403404329, 0.9920128347132692, 1.0, 1.0, 1.0, 1.0, 1.0, 1.0, 1.0, 1.0, 1.0]
03010001;[0.8598942318817335, 0.8750915896660939, 0.9517086670384757, 0.9698472749729967, 0.9877673302074897, 0.993056788514377, 0.9972775426103121, 0.998540242829192, 0.9996040192474853, 0.9996040192474853, 0.9996040192474853, 1.0, 1.0]
03010002;[0.8878966477170701, 0.9004332398538594, 0.9653081719098853, 0.9794160357023319, 0.9931004974096023, 0.9950951834365939, 0.9974826904543448, 0.9988715246503717, 0.9994732592234516, 0.9997626772327307, 1.0, 1.0, 1.0]
03010003;[0.8973122403186728, 0.914695884196841, 0.9674678640921079, 0.9830846542072599, 0.9919715409880169, 0.997217821369381, 0.9980899672065721, 0.9989596844138809, 0.9989596844138809, 0.9989596844138809, 1.0, 1.0, 1.0]
03010000;[0.8765126695295203, 0.8908072781227369, 0.9596987991710242, 0.9756880628039453, 0.9906818927965007, 0.9944426125877355, 0.9974617989711564, 0.9987390991423614, 0.9994769800455571, 0.9996100678086103, 0.9998283317397052, 1.0, 1.0]
03020101;[0.007144195129379555, 0.3604085489758433, 0.7434953118850566, 0.8407954787842671, 0.9048806747174793, 0.9623853498608829, 0.9895548049452559, 0.992565226876548, 0.995608624647521, 1.0, 1.0, 1.0, 1.0]
03020102;[0.007144195129379555, 0.3604085489758433, 0.7434953118850566, 0.8407954787842671, 0.9048806747174793, 0.9623853498608829, 0.9895548049452559, 0.992565226876548, 0.995608624647521, 1.0, 1.0, 1.0, 1.0]
03020103;[0.007144195129379555, 0.3604085489758433, 0.7434953118850566, 0.8407954787842671, 0.9048806747174793, 0.9623853498608829, 0.9895548049452559, 0.992565226876548, 0.995608624647521, 1.0, 1.0, 1.0, 1.0]
03020100;[0.007144195129379555, 0.3604085489758433, 0.7434953118850566, 0.8407954787842671, 0.9048806747174793, 0.9623853498608829, 0.9895548049452559, 0.992565226876548, 0.995608624647521, 1.0, 1.0, 1.0, 1.0]
03020201;[0.012264598429851533, 0.34548259908638623, 0.7810147534569751, 0.8849491090867283, 0.9377570190064538, 0.9585400827592627, 1.0, 1.0, 1.0, 1.0, 1.0, 1.0, 1.0]
03020202;[0.012264598429851533, 0.34548259908638623, 0.7810147534569751, 0.8849491090867283, 0.9377570190064538, 0.9585400827592627, 1.0, 1.0, 1.0, 1.0, 1.0, 1.0, 1.0]
03020203;[0.012264598429851533, 0.34548259908638623, 0.7810147534569751, 0.8849491090867283, 0.9377570190064538, 0.9585400827592627, 1.0, 1.0, 1.0, 1.0, 1.0, 1.0, 1.0]
03020200;[0.012264598429851533, 0.34548259908638623, 0.7810147534569751, 0.8849491090867283, 0.9377570190064538, 0.9585400827592627, 1.0, 1.0, 1.0, 1.0, 1.0, 1.0, 1.0]
03020301;[0.012922583547593633, 0.3921050309704702, 0.7225116474602014, 0.8163776566740567, 0.8905656682712384, 0.9781578969958077, 1.0, 1.0, 1.0, 1.0, 1.0, 1.0, 1.0]
03020302;[0.012922583547593633, 0.3921050309704702, 0.7225116474602014, 0.8163776566740567, 0.8905656682712384, 0.9781578969958077, 1.0, 1.0, 1.0, 1.0, 1.0, 1.0, 1.0]
03020303;[0.012922583547593633, 0.3921050309704702, 0.7225116474602014, 0.8163776566740567, 0.8905656682712384, 0.9781578969958077, 1.0, 1.0, 1.0, 1.0, 1.0, 1.0, 1.0]
03020300;[0.012922583547593633, 0.3921050309704702, 0.7225116474602014, 0.8163776566740567, 0.8905656682712384, 0.9781578969958077, 1.0, 1.0, 1.0, 1.0, 1.0, 1.0, 1.0]
03020401;[0.0, 0.3591567602638782, 0.7225906000412378, 0.8387454914899908, 0.9458504729102911, 0.9819809312961967, 1.0, 1.0, 1.0, 1.0, 1.0, 1.0, 1.0]
03020402;[0.0, 0.3591567602638782, 0.7225906000412378, 0.8387454914899908, 0.9458504729102911, 0.9819809312961967, 1.0, 1.0, 1.0, 1.0, 1.0, 1.0, 1.0]
03020403;[0.0, 0.3591567602638782, 0.7225906000412378, 0.8387454914899908, 0.9458504729102911, 0.9819809312961967, 1.0, 1.0, 1.0, 1.0, 1.0, 1.0, 1.0]
03020400;[0.0, 0.3591567602638782, 0.7225906000412378, 0.8387454914899908, 0.9458504729102911, 0.9819809312961967, 1.0, 1.0, 1.0, 1.0, 1.0, 1.0, 1.0]
03020501;[0.0, 0.4152438574806831, 0.8072255947047644, 0.9100185483796741, 0.9100185483796741, 0.9639749644620115, 0.9819144797967686, 0.9819144797967686, 1.0, 1.0, 1.0, 1.0, 1.0]
03020502;[0.0, 0.4152438574806831, 0.8072255947047644, 0.9100185483796741, 0.9100185483796741, 0.9639749644620115, 0.9819144797967686, 0.9819144797967686, 1.0, 1.0, 1.0, 1.0, 1.0]
03020503;[0.0, 0.4152438574806831, 0.8072255947047644, 0.9100185483796741, 0.9100185483796741, 0.9639749644620115, 0.9819144797967686, 0.9819144797967686, 1.0, 1.0, 1.0, 1.0, 1.0]
03020500;[0.0, 0.4152438574806831, 0.8072255947047644, 0.9100185483796741, 0.9100185483796741, 0.9639749644620115, 0.9819144797967686, 0.9819144797967686, 1.0, 1.0, 1.0, 1.0, 1.0]
03020601;[0.0, 0.27870234612866795, 0.6429798851523566, 0.742328826858681, 0.8012199566287045, 0.8881343582552229, 0.9574882117837076, 0.9747783934353146, 0.9747783934353146, 1.0, 1.0, 1.0, 1.0]
03020602;[0.013389834697733942, 0.34080051800365035, 0.6926636999565334, 0.7899236899949447, 0.8475765506737682, 0.9269909941339287, 0.9722547214064019, 0.983539142198513, 0.983539142198513, 1.0, 1.0, 1.0, 1.0]
03020603;[0.013389834697733942, 0.34080051800365035, 0.6926636999565334, 0.7899236899949447, 0.8475765506737682, 0.9269909941339287, 0.9722547214064019, 0.983539142198513, 0.983539142198513, 1.0, 1.0, 1.0, 1.0]
03020600;[0.013389834697733942, 0.34080051800365035, 0.6926636999565334, 0.7899236899949447, 0.8475765506737682, 0.9269909941339287, 0.9722547214064019, 0.983539142198513, 0.983539142198513, 1.0, 1.0, 1.0, 1.0]
03020701;[0.0, 0.3378547322219084, 0.8530460852765139, 0.9628175468921104, 1.0, 1.0, 1.0, 1.0, 1.0, 1.0, 1.0, 1.0, 1.0]
03020702;[0.00834311385262888, 0.38915682183074646, 0.875047882082869, 0.9760512661815719, 1.0, 1.0, 1.0, 1.0, 1.0, 1.0, 1.0, 1.0, 1.0]
03020703;[0.00834311385262888, 0.38915682183074646, 0.875047882082869, 0.9760512661815719, 1.0, 1.0, 1.0, 1.0, 1.0, 1.0, 1.0, 1.0, 1.0]
03020700;[0.00834311385262888, 0.38915682183074646, 0.875047882082869, 0.9760512661815719, 1.0, 1.0, 1.0, 1.0, 1.0, 1.0, 1.0, 1.0, 1.0]
03020801;[0.006258886584267617, 0.39396892893040525, 0.8473821085090953, 0.9534619525115273, 0.9893939585836069, 1.0, 1.0, 1.0, 1.0, 1.0, 1.0, 1.0, 1.0]
03020802;[0.006258886584267617, 0.39396892893040525, 0.8473821085090953, 0.9534619525115273, 0.9893939585836069, 1.0, 1.0, 1.0, 1.0, 1.0, 1.0, 1.0, 1.0]
03020803;[0.006258886584267617, 0.39396892893040525, 0.8473821085090953, 0.9534619525115273, 0.9893939585836069, 1.0, 1.0, 1.0, 1.0, 1.0, 1.0, 1.0, 1.0]
03020800;[0.006258886584267617, 0.39396892893040525, 0.8473821085090953, 0.9534619525115273, 0.9893939585836069, 1.0, 1.0, 1.0, 1.0, 1.0, 1.0, 1.0, 1.0]
03020001;[0.004694554020577929, 0.33376521844048324, 0.7138636507565308, 0.8360550268146124, 0.9068020272463565, 0.9545331695542212, 0.986272622303297, 0.9902290059477094, 0.9942287273951776, 1.0, 1.0, 1.0, 1.0]
03020002;[0.008958158061668305, 0.40324188844508163, 0.8422420681008849, 0.901889145022766, 0.9468890043973, 0.992429338514618, 1.0, 1.0, 1.0, 1.0, 1.0, 1.0, 1.0]
03020003;[0.014208136429293397, 0.4619938454910137, 0.8454516676990902, 0.9314549205878487, 0.9518469998169871, 1.0, 1.0, 1.0, 1.0, 1.0, 1.0, 1.0, 1.0]
03020000;[0.006947648584635527, 0.3678592584000156, 0.7665591250987857, 0.8658084601248985, 0.9236433919877143, 0.9707361441205994, 0.9918737331974707, 0.9942158140943472, 0.9965835498947349, 1.0, 1.0, 1.0, 1.0]
03000101;[0.8428627294520592, 0.8623059684952166, 0.9427812927888002, 0.9620338638671955, 0.9848585793057537, 0.9915957449617185, 0.9949557203466721, 0.9983063393415873, 1.0, 1.0, 1.0, 1.0, 1.0]
03000102;[0.8476383273379958, 0.8636343469505484, 0.9595632279586093, 0.9752859199955193, 0.9926831586394034, 0.9941503411142919, 0.9985406416524683, 1.0, 1.0, 1.0, 1.0, 1.0, 1.0]
03000103;[0.8483740219784889, 0.8888512834752416, 0.9770275367987311, 0.9870476182303185, 0.9929872277093821, 1.0, 1.0, 1.0, 1.0, 1.0, 1.0, 1.0, 1.0]
03000100;[0.845776798270331, 0.8656700682940773, 0.9543114525364625, 0.9709317994040833, 0.9894417165001378, 0.9936715753552412, 0.9971874509129872, 0.9992911019361993, 1.0, 1.0, 1.0, 1.0, 1.0]
03000201;[0.8206783979960967, 0.8439702405050743, 0.9416433688068462, 0.9600220424900476, 0.9805290298852711, 0.9896085935423721, 0.9956461691741897, 0.9956461691741897, 0.9971678476313582, 0.9971678476313582, 0.9971678476313582, 1.0, 1.0]
03000202;[0.8510263789600339, 0.8724750003106595, 0.9509712997026251, 0.9662628669380193, 0.9900568937723481, 0.9913946608319355, 0.9953977071756478, 0.9980589733219876, 0.9980589733219876, 1.0, 1.0, 1.0, 1.0]
03000203;[0.8835217744200351, 0.9078918091391952, 0.9588563246331211, 0.986003758897735, 0.9924406390365348, 0.9924406390365348, 0.9924406390365348, 1.0, 1.0, 1.0, 1.0, 1.0, 1.0]
03000200;[0.8406739048825398, 0.8635350342247805, 0.9477440242768147, 0.9653391036445285, 0.9861987944386366, 0.9907356416698432, 0.9952608962948807, 0.9971948905783818, 0.9978466169283552, 0.9987870050225868, 0.9987870050225868, 1.0, 1.0]
03000301;[0.8416990282159243, 0.8657464762382001, 0.9382799816099725, 0.9609468211286865, 0.9841548644411857, 0.9942500617366102, 0.998565519705265, 1.0, 1.0, 1.0, 1.0, 1.0, 1.0]
03000302;[0.8557393442203108, 0.8769525383825288, 0.9501509678790179, 0.9728365507544577, 0.9907663455709985, 0.9934125121394638, 0.996051917191545, 1.0, 1.0, 1.0, 1.0, 1.0, 1.0]
03000303;[0.8630196833128587, 0.8962196280957923, 0.966734788149225, 0.9806036643475459, 0.9806036643475459, 0.9935455778931442, 1.0, 1.0, 1.0, 1.0, 1.0, 1.0, 1.0]
03000300;[0.8502507772219937, 0.874199502669408, 0.9467161512073407, 0.9685032737997408, 0.9869529384991279, 0.9937990657025229, 0.9975237751011546, 1.0, 1.0, 1.0, 1.0, 1.0, 1.0]
03000401;[0.8155882980097794, 0.841460186451568, 0.9253735129434887, 0.9595310844641757, 0.9835751135874284, 0.9880574736992924, 0.9955089849190127, 0.9969951371774742, 1.0, 1.0, 1.0, 1.0, 1.0]
03000402;[0.8466255646220935, 0.8734612869238535, 0.9649083763170487, 0.9809230892815692, 0.9910490100154999, 0.9955323083234657, 0.9985135366772285, 1.0, 1.0, 1.0, 1.0, 1.0, 1.0]
03000403;[0.9100088689368552, 0.9422077157286873, 0.9662565504835662, 0.9867528241538674, 0.99282761816671, 1.0, 1.0, 1.0, 1.0, 1.0, 1.0, 1.0, 1.0]
03000400;[0.8387423506947391, 0.8656153475812588, 0.9471944032360977, 0.9718188924504875, 0.9878466115452014, 0.9925775094579938, 0.9972963189240006, 0.9986407958339031, 1.0, 1.0, 1.0, 1.0, 1.0]
03000501;[0.8288877070218483, 0.8716503821699443, 0.9372637852671352, 0.9641886186558898, 0.9826042906906243, 0.9913014897245684, 0.997084806956046, 0.997084806956046, 1.0, 1.0, 1.0, 1.0, 1.0]
03000502;[0.8584129189301466, 0.8862327591669524, 0.9541082796978255, 0.9685704694306638, 0.9881653507837699, 0.9953951211855203, 0.9982796399079882, 0.9982796399079882, 0.9982796399079882, 0.9982796399079882, 1.0, 1.0, 1.0]
03000503;[0.8647505961987927, 0.8876720482320085, 0.9525841987128595, 0.9738623318618997, 0.9940432139773528, 1.0, 1.0, 1.0, 1.0, 1.0, 1.0, 1.0, 1.0]
03000500;[0.8450974153118948, 0.878990545810235, 0.9465209911395375, 0.9672406684526234, 0.9863460253254484, 0.9940799546977827, 0.9979370384696513, 0.9979370384696513, 0.9992331969811828, 0.9992331969811828, 1.0, 1.0, 1.0]
03000601;[0.7493260555730309, 0.7903781918398995, 0.9228784795761613, 0.9452772184001071, 0.9707254024123879, 0.9811762326471059, 0.9942063903328875, 0.998104552269808, 0.998104552269808, 1.0, 1.0, 1.0, 1.0]
03000602;[0.8717500659857339, 0.898772829657634, 0.9683741403473709, 0.985196119457006, 0.9925435952635562, 0.9962614569169035, 0.9962614569169035, 0.9962614569169035, 1.0, 1.0, 1.0, 1.0, 1.0]
03000603;[0.8180933248297472, 0.8482882944606703, 0.9491466059090273, 0.9603586806642734, 0.9780818488044161, 0.993775878379078, 0.993775878379078, 0.993775878379078, 0.993775878379078, 0.993775878379078, 1.0, 1.0, 1.0]
03000600;[0.8125967481791302, 0.8460035152801464, 0.9466211843660761, 0.9652282159997873, 0.981532991285278, 0.989459752613405, 0.9951072574512737, 0.9967967909878921, 0.9985048314940684, 0.9993263526517032, 1.0, 1.0, 1.0]
03000701;[0.8239342498157924, 0.8586011943354429, 0.9635909882594346, 0.9861965650495116, 0.9973631657651814, 1.0, 1.0, 1.0, 1.0, 1.0, 1.0, 1.0, 1.0]
03000702;[0.8955151322710695, 0.9173957835044375, 0.979567689452965, 0.9869859672060417, 0.9970370227585674, 0.9985204065592758, 1.0, 1.0, 1.0, 1.0, 1.0, 1.0, 1.0]
03000703;[0.8819336997029674, 0.9245316333040272, 0.9722552679124747, 0.99598163136599, 1.0, 1.0, 1.0, 1.0, 1.0, 1.0, 1.0, 1.0, 1.0]
03000700;[0.8606473874897317, 0.8909947188480649, 0.9713426613752756, 0.9878122269186712, 0.9975749008335991, 0.9993948878215158, 1.0, 1.0, 1.0, 1.0, 1.0, 1.0, 1.0]
03000801;[0.7826910464198077, 0.8233896203774381, 0.940418660325571, 0.9721544913056043, 0.993653996366168, 1.0, 1.0, 1.0, 1.0, 1.0, 1.0, 1.0, 1.0]
03000802;[0.9112826170216443, 0.9346399010589268, 0.9895922949588002, 1.0, 1.0, 1.0, 1.0, 1.0, 1.0, 1.0, 1.0, 1.0, 1.0]
03000803;[0.8747342438919063, 0.9149016832858335, 0.9674024827033877, 0.9823175609007279, 1.0, 1.0, 1.0, 1.0, 1.0, 1.0, 1.0, 1.0, 1.0]
03000800;[0.8473205648832431, 0.8809413960261372, 0.9639468495261289, 0.9847538071482789, 0.9970875594802115, 1.0, 1.0, 1.0, 1.0, 1.0, 1.0, 1.0, 1.0]
03000001;[0.8150391530852964, 0.8460212925974465, 0.9389417338005073, 0.9630006625873256, 0.9837136848499826, 0.9911304958295062, 0.996728875958089, 0.998124573593523, 0.9993339901289299, 0.9996248384046696, 0.9996248384046696, 1.0, 1.0]
03000002;[0.8623359830158223, 0.8855599511368599, 0.9616905826152796, 0.9771853651388253, 0.9919467331695992, 0.9950451220620068, 0.9975561304418756, 0.9989044467897044, 0.9994886263586252, 0.9997696008870343, 1.0, 1.0, 1.0]
03000003;[0.8658961436711134, 0.8988860820832423, 0.9632118280601982, 0.9812854655313672, 0.990570516684641, 0.9973167721205263, 0.9981578992859654, 0.998996684197986, 0.998996684197986, 0.998996684197986, 1.0, 1.0, 1.0]
03000000;[0.8417523554719077, 0.8694782732176887, 0.9519204368067541, 0.9714206237333044, 0.9882000163110858, 0.9935710193441947, 0.9972596376597275, 0.9985733329335043, 0.9993701841442382, 0.9996256933575688, 0.9998352109122001, 1.0, 1.0]
00010101;[0.3276315796514756, 0.3472154322503373, 0.6506005910065932, 0.731567887216969, 0.8624476465634867, 0.9162451714676884, 0.9583555430117436, 0.9758866465454719, 0.9871181696435529, 0.9924706674649706, 0.9962501256434642, 0.9977843747036413, 1.0]
00010102;[0.47633450828407536, 0.5051187888450498, 0.7332271842248119, 0.7942210375851847, 0.8912349271674994, 0.9274806868329519, 0.9649048398720392, 0.980114475587144, 0.991361910721688, 0.995470552173131, 0.9985027295599576, 0.9995626667231697, 1.0]
00010103;[0.6344027214289297, 0.6552724330736494, 0.8462165393063932, 0.8844099894215691, 0.9542985417351015, 0.96940709547653, 0.9902731775783745, 0.9948971725009421, 0.9972344953350029, 0.9972344953350029, 1.0, 1.0, 1.0]
00010100;[0.4018969027287671, 0.4252660180507595, 0.6931111312752293, 0.7640646716109533, 0.8783756614720488, 0.9232320375020693, 0.9624515134517788, 0.9784664918486412, 0.9893169034573226, 0.993907220844922, 0.9973352042891139, 0.9986039886430066, 1.0]
00010201;[0.32890847540465834, 0.3477117719056284, 0.6522888436848622, 0.732061477686189, 0.8620298242346989, 0.9168609150007369, 0.9603478446094585, 0.9761602772692695, 0.9896571352935756, 0.9946294420004238, 0.9966680877473147, 0.9986278345938023, 1.0]
00010202;[0.4609109131109243, 0.49051111749650705, 0.7160889487278608, 0.7824942662881434, 0.8912993554578124, 0.929761596745151, 0.9678697991073062, 0.9799845574180464, 0.9910717336139211, 0.9942341078361923, 0.9971323307957506, 0.9988119632608198, 1.0]
00010203;[0.6001523419855314, 0.6226200298695483, 0.8290482819949607, 0.8717435850857934, 0.9485418513506614, 0.9773927018737248, 0.9907535124563343, 0.9979277614445901, 1.0, 1.0, 1.0, 1.0, 1.0]
00010200;[0.39612771399988206, 0.41953261284866233, 0.6871634069834417, 0.7596399678784379, 0.8782738473823614, 0.9251879931429714, 0.9649501961983311, 0.9788204794292306, 0.990757608254011, 0.9947440195960996, 0.9970260520479094, 0.9987723993830575, 1.0]
00010301;[0.33416549972934007, 0.35295064748723926, 0.6522723564125289, 0.732121757551973, 0.8631834740020313, 0.9178152369122455, 0.96154351921548, 0.9772610319149574, 0.9905347285568494, 0.9952879941292551, 0.9974661081737293, 0.9989087384091812, 1.0]
00010302;[0.458177534531803, 0.48673920929363795, 0.7131018875735294, 0.780873481626847, 0.8850943629930851, 0.9244811107194061, 0.9638956029261586, 0.9807953592227925, 0.989596658165714, 0.9937053387736006, 0.996615031672659, 0.9985422085175585, 1.0]
00010303;[0.617721065488879, 0.6435685577716133, 0.8556565701202127, 0.8988464817721826, 0.9576355912544394, 0.9811457917358509, 0.99231251884855, 0.9956532083198831, 0.9979047303374196, 0.9979047303374196, 0.9979047303374196, 1.0, 1.0]
00010300;[0.3980845463296358, 0.4212421897185675, 0.6867045788684821, 0.7598956965497794, 0.8765832434795048, 0.9235039525547312, 0.9639180806392524, 0.9795793196807496, 0.9905039451795697, 0.9947684251742939, 0.997141303682249, 0.9988111590474428, 1.0]
00010401;[0.3357713949014301, 0.35709612565855847, 0.6467676299095089, 0.7277932096241913, 0.8559288115176049, 0.9083669408090634, 0.9543585110961942, 0.9708453899610033, 0.9867047443630546, 0.9929722704339721, 0.9969164391603993, 0.999172552015654, 1.0]
00010402;[0.4708600980452812, 0.5033441873904136, 0.7233341015979233, 0.789045909274834, 0.8894608152784681, 0.9273102450521195, 0.9670061160349078, 0.9808471410233988, 0.9934405153089385, 0.9968728558092752, 0.9985284553423629, 0.9995701808905623, 1.0]
00010403;[0.6230007644149922, 0.6448412353326306, 0.8213108734480574, 0.8699700366685876, 0.941642311579608, 0.9684736619610128, 0.9859724096576233, 0.9962371270862882, 0.9972748426907802, 0.9987721818726354, 1.0, 1.0, 1.0]
00010400;[0.40478346251625136, 0.4305415325255474, 0.6865591140401707, 0.7598698410657221, 0.87393131989322, 0.9191707282518804, 0.9611028560653372, 0.9761937016002347, 0.9899519741908102, 0.9948349425009528, 0.9977230981792787, 0.9993751586274509, 1.0]
00010501;[0.32594963437648256, 0.3497608048807086, 0.6155669928405078, 0.7037047748283427, 0.8358454068711019, 0.9005514693614696, 0.9503178113663336, 0.9708668055957399, 0.9882112073468415, 0.9948566782064353, 0.9972914656115093, 0.9992976574794917, 1.0]
00010502;[0.46415749535438655, 0.4951164775925802, 0.713165096289882, 0.7797031123228925, 0.8814740107935782, 0.9214832064062601, 0.9666238701943524, 0.9813679013487553, 0.9924481225725126, 0.9968257502666561, 0.9986986135905144, 0.9991896264466221, 1.0]
00010503;[0.6239211681721267, 0.6534297051176612, 0.8320213833776263, 0.8748973316587021, 0.9486025737429412, 0.9726087069539253, 0.9945581000358545, 0.9975428643283866, 0.9985486840221144, 1.0, 1.0, 1.0, 1.0]
00010500;[0.39747271302665127, 0.4244892360492792, 0.6665710197777212, 0.7435490517313004, 0.8603142426873757, 0.9128659415692953, 0.9592656500862823, 0.9765315481043467, 0.9904742829400988, 0.9959261702092397, 0.9980040303401112, 0.999291638591936, 1.0]
00010601;[0.44093814788484015, 0.4748084893069944, 0.710004213728732, 0.7743014568509191, 0.8779199555696873, 0.9221285762303058, 0.9646458664149106, 0.9800904751250179, 0.9930190888138621, 0.9967500763329048, 0.9987504596383294, 0.9994908526656094, 1.0]
00010602;[0.5408457597692664, 0.5763567777378117, 0.793890404382834, 0.8496530709775638, 0.9344081176550043, 0.9592251069775036, 0.9823816786873184, 0.9898136152237984, 0.9946436228356467, 0.997160317384858, 0.9985890255192122, 0.9995878726536608, 1.0]
00010603;[0.7025554629039584, 0.7325095968532783, 0.8849505896833069, 0.9346475231893614, 0.970839861579245, 0.98475245423029, 0.9926821931036203, 0.9966360217257999, 0.9976353063352488, 0.9976353063352488, 1.0, 1.0, 1.0]
00010600;[0.4953611429432903, 0.5296939948097683, 0.7533923956225557, 0.8134270072617487, 0.90574790903279, 0.9404887339340444, 0.9733198151552366, 0.9849095472032153, 0.993926534992804, 0.9969649805511186, 0.9987537679849413, 0.9995577173928533, 1.0]
00010701;[0.6110166318735575, 0.638617643144222, 0.8656665450910247, 0.9049539160549259, 0.9640669088782011, 0.9812591014121848, 0.9926155668681584, 0.9965792614133026, 0.9990980177985179, 0.9995936124150363, 1.0, 1.0, 1.0]
00010702;[0.6737692061518846, 0.700878076684294, 0.8942496827188635, 0.9310874584855265, 0.9770453572661553, 0.9884372800258994, 0.9960623262512023, 0.9981496474838671, 0.9990540127093286, 0.9994889878543906, 0.999845667472831, 0.999845667472831, 1.0]
00010703;[0.769132476884757, 0.7952135078062431, 0.936558878113165, 0.9649036868557714, 0.9791853602596655, 0.9920798860126355, 0.9980159987081445, 0.9990025958145101, 1.0, 1.0, 1.0, 1.0, 1.0]
00010700;[0.6461419629674257, 0.6735015561332255, 0.8816032230362858, 0.919234302603906, 0.9702208096915915, 0.9847850110989017, 0.9943486107331009, 0.9973666386628616, 0.9991362691720078, 0.9995765162126662, 0.9999375187854895, 0.9999375187854895, 1.0]
00010801;[0.6421535559975793, 0.6740597209320883, 0.8882982068454892, 0.9193107286804648, 0.965991944226168, 0.9786733940111102, 0.9893764329284027, 0.993257609142879, 0.9976717606216962, 0.9990871520482032, 0.9990871520482032, 1.0, 1.0]
00010802;[0.696964728836055, 0.7233517036101257, 0.9042779255601162, 0.9404183852716216, 0.9764090273793631, 0.9878754993165758, 0.9972943473988438, 0.9979652488124161, 1.0, 1.0, 1.0, 1.0, 1.0]
00010803;[0.792622392387855, 0.8152057352795858, 0.9248422713961374, 0.9643748839475165, 0.9899389963038863, 1.0, 1.0, 1.0, 1.0, 1.0, 1.0, 1.0, 1.0]
00010800;[0.6717463670182355, 0.7009406797093841, 0.8964463051487089, 0.9299243452229602, 0.9714283211288673, 0.9834782080650937, 0.9930934856021923, 0.9954906111660772, 0.9987217890604609, 0.9994988435257149, 0.9994988435257149, 1.0, 1.0]
00010001;[0.38925121385899963, 0.41279522532435997, 0.6870103163306488, 0.7598019378224727, 0.875352778567501, 0.92379072879224, 0.9633672387574308, 0.9783281397948904, 0.9906800443977934, 0.9952670898412863, 0.9976200218706965, 0.9990536012831126, 1.0]
00010002;[0.509000263812974, 0.5393570643114917, 0.7571192794620665, 0.8168666944943885, 0.907960510358521, 0.9403204566148815, 0.9730110456370047, 0.9846082443048562, 0.993169396776157, 0.9962849881308625, 0.9982795131899949, 0.9993018300356659, 1.0]
00010003;[0.6584675777775094, 0.683726185464307, 0.8605707942292218, 0.9024663705511551, 0.9583899066955868, 0.9788063807171123, 0.9923825844528058, 0.9969914010043724, 0.9984474325777689, 0.9988676195953733, 0.9997290029802298, 1.0, 1.0]
00010000;[0.451615457488661, 0.47802149302710795, 0.7244300446083624, 0.7903508197350879, 0.8928772896768475, 0.9333463475777523, 0.9687740497844215, 0.981842404179691, 0.9920959947999258, 0.9958690195277611, 0.9979977534761167, 0.9992038063216783, 1.0]
00020101;[0.008768077655346913, 0.1981535395184701, 0.6060430845631339, 0.7374013333484024, 0.8758285427416618, 0.9296888262677051, 0.9722964524401787, 0.9852278806512212, 0.9926982107608409, 0.9980877500171204, 0.9980877500171204, 0.9980877500171204, 1.0]
00020102;[0.011454929012027385, 0.25420654298519474, 0.6955625387926712, 0.8169037176803401, 0.8970514821712633, 0.9552845799695775, 0.9770661924291177, 0.9867199515705471, 0.9964794569565333, 1.0, 1.0, 1.0, 1.0]
00020103;[0.025209966207836387, 0.35397727159754505, 0.72997779064442, 0.85205652263742, 0.9786947139240472, 0.9786947139240472, 1.0, 1.0, 1.0, 1.0, 1.0, 1.0, 1.0]
00020100;[0.010650108067169223, 0.22862994344750925, 0.6488515663480253, 0.7756350061869778, 0.8894267359016982, 0.9425657650921592, 0.9755677872506756, 0.9865378281632882, 0.9946034322118928, 0.9989676861010468, 0.9989676861010468, 0.9989676861010468, 1.0]
00020201;[0.006723625370573176, 0.18835456433554515, 0.5894795175973087, 0.717389932379226, 0.8552472609660564, 0.9268639733521526, 0.9625808316062676, 0.9820085037538093, 0.9918287441484247, 0.9941903787900107, 1.0, 1.0, 1.0]
00020202;[0.009911458979461094, 0.21591474324234633, 0.6541162129584784, 0.762107284921262, 0.8652408393453263, 0.926124651256479, 0.9638180421404513, 0.9784357639829847, 0.9847691251844028, 1.0, 1.0, 1.0, 1.0]
00020203;[0.0, 0.3012103297159032, 0.6292908044635841, 0.8390024370078589, 0.9218763610063347, 0.9610153623080104, 0.9805348587373239, 1.0, 1.0, 1.0, 1.0, 1.0, 1.0]
00020200;[0.007752565784080668, 0.20490240629826334, 0.6182253156995214, 0.741487023908914, 0.8623981307104066, 0.9280839621136707, 0.9639004634138418, 0.9813232753705161, 0.9892494221789866, 0.9968739454594732, 1.0, 1.0, 1.0]
00020301;[0.004551763411150283, 0.18065396725322416, 0.5737603918221829, 0.6982966676966172, 0.8446329744224335, 0.8970828944078637, 0.9432439820468312, 0.9647258362360384, 0.9848917743485406, 0.9916066530858832, 0.9971128536426261, 1.0, 1.0]
00020302;[0.016452548231535784, 0.2007544137689669, 0.6519765773882762, 0.7607582980178749, 0.8733758028980794, 0.9334245690900339, 0.9633722335241377, 0.9847038552113515, 0.9890169124090341, 0.99524030300634, 0.9977918931475848, 0.9977918931475848, 1.0]
00020303;[0.0, 0.313445707311412, 0.6875093979839663, 0.8545029944072257, 0.8725009745820757, 1.0, 1.0, 1.0, 1.0, 1.0, 1.0, 1.0, 1.0]
00020300;[0.00914461753192085, 0.19410254937336904, 0.6097665433158572, 0.7296986347513278, 0.8573000469493581, 0.915840784598379, 0.9536232957887185, 0.9741745501878137, 0.9871597818381449, 0.9934053260737535, 0.9975024030864509, 0.9991136131465262, 1.0]
00020401;[0.004010294570408724, 0.1925042806832458, 0.6083440452046868, 0.7454961513902639, 0.8735612183095686, 0.9228298518859257, 0.9685834390567541, 0.983792165381218, 0.99233401042849, 0.9947990479048954, 0.9968203786326557, 1.0, 1.0]
00020402;[0.014498708689790876, 0.20988141540259225, 0.6938576854232554, 0.8044379509232031, 0.9084835510600525, 0.9404231098954956, 0.9722810563891678, 0.9796124178357222, 0.9870240862310106, 0.9941537091856008, 1.0, 1.0, 1.0]
00020403;[0.0, 0.342819943949722, 0.7324567803528009, 0.8818921476192959, 1.0, 1.0, 1.0, 1.0, 1.0, 1.0, 1.0, 1.0, 1.0]
00020400;[0.007943899800423029, 0.20588950632941305, 0.6467690313046484, 0.7745383035057414, 0.8926242229167975, 0.9330084010720988, 0.9713712468068619, 0.9828480522793227, 0.9905830663936146, 0.994768439891685, 0.9982004461551923, 1.0, 1.0]
00020501;[0.012110769775576345, 0.21705482191908773, 0.5869145875026132, 0.7042068841659808, 0.8395370461877194, 0.9084336488987509, 0.9581463924701371, 0.9800174117943998, 0.987387609170885, 0.9937683662465507, 0.997256513442924, 1.0, 1.0]
00020502;[0.013887384665999, 0.22106357361553786, 0.6317308937685934, 0.7708148152585803, 0.8867812072010881, 0.9509620286836457, 0.9851043358206254, 1.0, 1.0, 1.0, 1.0, 1.0, 1.0]
00020503;[0.0, 0.2628146114233226, 0.6375544252860736, 0.7307075673000777, 0.8884745444274079, 0.8884745444274079, 0.9442134028907251, 0.981269166008993, 1.0, 1.0, 1.0, 1.0, 1.0]
00020500;[0.012260588812333694, 0.22065361861894103, 0.6065831085622866, 0.7312635606918575, 0.8600727360409873, 0.9240636452586579, 0.9679967899443833, 0.9878356454019797, 0.9928496874412951, 0.9964671147847973, 0.9984446417297492, 1.0, 1.0]
00020601;[0.009509564202737842, 0.23687184028623307, 0.6234052913877157, 0.7562414403290123, 0.8664793457513682, 0.9284581943164969, 0.9729689395362476, 0.9877645388412294, 0.9890110112342665, 0.9962052442018208, 0.9976800619580592, 1.0, 1.0]
00020602;[0.012527570417190008, 0.3271739874401155, 0.7245917577164611, 0.8273843771020207, 0.9052979896524621, 0.9477553593148154, 0.9806933787141677, 0.9900780353440579, 0.9971936267098076, 0.9971936267098076, 1.0, 1.0, 1.0]
00020603;[0.022065702699271505, 0.28584794771759237, 0.6306241879902734, 0.8265208082818329, 0.900416469393709, 0.9502719303311324, 1.0, 1.0, 1.0, 1.0, 1.0, 1.0, 1.0]
00020600;[0.011241386158265091, 0.26925872588442973, 0.6569583955496673, 0.783794686609436, 0.8812445414504155, 0.9361061568564394, 0.9771472311203246, 0.9892736870652191, 0.9923385090266255, 0.9967607977426854, 0.9985739361136758, 1.0, 1.0]
00020701;[0.011119121946990423, 0.3592852747363458, 0.7561143140074149, 0.8814701431819211, 0.9413149062943792, 0.9754660101147445, 0.9825137012552547, 0.9953984883991225, 0.9965826634648862, 1.0, 1.0, 1.0, 1.0]
00020702;[0.021658019791808994, 0.38569925949923756, 0.7815319680096362, 0.8864104740681438, 0.9755192204673813, 0.9975396726819693, 0.9975396726819693, 0.9975396726819693, 1.0, 1.0, 1.0, 1.0, 1.0]
00020703;[0.013905887859103211, 0.5201717485962489, 0.7769563382281709, 0.8947995356522055, 0.964653516105543, 1.0, 1.0, 1.0, 1.0, 1.0, 1.0, 1.0, 1.0]
00020700;[0.014496208197958573, 0.3777918996027635, 0.76528052633868, 0.8838718989734167, 0.9532236697154711, 0.9837433915821864, 0.9881982799981823, 0.9963428322842286, 0.9978398808006311, 1.0, 1.0, 1.0, 1.0]
00020801;[0.0, 0.40025831166844983, 0.7865144925014762, 0.8990249751927932, 0.9533673414555381, 0.9883641914560417, 1.0, 1.0, 1.0, 1.0, 1.0, 1.0, 1.0]
00020802;[0.0066306917730971976, 0.3597244438227303, 0.7553050690041175, 0.8676865188751517, 0.9438195670923518, 1.0, 1.0, 1.0, 1.0, 1.0, 1.0, 1.0, 1.0]
00020803;[0.002142546016840878, 0.3840068990236829, 0.7735603085378282, 0.8876878835999523, 0.9491892189016248, 0.9927572206256271, 1.0, 1.0, 1.0, 1.0, 1.0, 1.0, 1.0]
00020800;[0.002142546016840878, 0.3840068990236829, 0.7735603085378282, 0.8876878835999523, 0.9491892189016248, 0.9927572206256271, 1.0, 1.0, 1.0, 1.0, 1.0, 1.0, 1.0]
00020001;[0.008070403910882483, 0.23793923767464636, 0.6324934216283117, 0.7597975438893749, 0.8763186922293207, 0.9310217369152506, 0.9676687071631564, 0.9839108942231627, 0.9910946889526968, 0.9958332632491609, 0.9982617825726241, 0.9997898396739868, 1.0]
00020002;[0.014046777879044, 0.2597200070243189, 0.6899021248987979, 0.8037243112777497, 0.9013010879950495, 0.9508114710908392, 0.9774027876308208, 0.9884516496127732, 0.993557885056764, 0.9981628114745665, 0.9996732273374447, 0.9996732273374447, 1.0]
00020003;[0.009813353702889657, 0.3510868354824641, 0.6916066629142186, 0.8426554262182381, 0.9311866525454415, 0.9691964566965704, 0.9905223397850075, 0.9976111723678731, 1.0, 1.0, 1.0, 1.0, 1.0]
00020000;[0.010374695568684271, 0.25176225789752404, 0.6568750184938457, 0.7803657811934223, 0.8883944883147777, 0.9403101037432082, 0.9724390766700081, 0.9862876537721864, 0.9924572655735118, 0.9969083894878927, 0.9988737318903537, 0.999757031845914, 1.0]
00000101;[0.30916227846150174, 0.3376975952481498, 0.6482096839296706, 0.7318499134705455, 0.8632171089137608, 0.9168804475659984, 0.9590467843334685, 0.9764231636250807, 0.9874872845375642, 0.99280882661304, 0.9963686581752782, 0.9978137510882866, 1.0]
00000102;[0.4475557006393169, 0.4887331436894197, 0.7309272989117277, 0.795847107003597, 0.8918006826107823, 0.9292103843919741, 0.965598259632576, 0.9805087318243201, 0.9917140344111822, 0.9957561193849518, 0.9985971276767365, 0.9995902391887935, 1.0]
00000103;[0.6003457374011042, 0.6369439734109174, 0.8374858491277777, 0.8813912027190158, 0.9557506367223787, 0.9700172630513444, 0.9908152068535174, 0.9951815286627596, 0.9973886036783031, 0.9973886036783031, 1.0, 1.0, 1.0]
00000100;[0.37869545962711104, 0.41272185339005074, 0.6905183690729403, 0.7647713516853384, 0.8791158465061483, 0.9243119630224087, 0.9631416955964315, 0.9789367295430978, 0.9896711050036557, 0.9942175775997006, 0.9974401790182525, 0.9986329462311802, 1.0]
00000201;[0.3094475504983359, 0.33732406920212765, 0.6479294466005553, 0.730547210209225, 0.8615216469913692, 0.9174205659769996, 0.9605088687748708, 0.9764329446664802, 0.9898333774637507, 0.9946348685013249, 0.9968695083810203, 0.9987107846851327, 1.0]
00000202;[0.4317856021006728, 0.47220894386529105, 0.7119766329839001, 0.7813198730843449, 0.8895113258942087, 0.9296545639230585, 0.9675437888327864, 0.9798205168385574, 0.9907857570649884, 0.9946108437432845, 0.9973197005779475, 0.9988895880387169, 1.0]
00000203;[0.5687284650276572, 0.605048889783671, 0.8186754275071249, 0.8695989488888282, 0.947338147172286, 0.9766312451519222, 0.9902664275081564, 0.9980362635112107, 1.0, 1.0, 1.0, 1.0, 1.0]
00000200;[0.3722041329460188, 0.40563422941242877, 0.6825987089887487, 0.7582251940280599, 0.8772067557094441, 0.9253946138528747, 0.9648746224846512, 0.9789008145775542, 0.9907336411535019, 0.9948962632657209, 0.9972103989451351, 0.9988484949867504, 1.0]
00000301;[0.31304696127451226, 0.3413879935650635, 0.6472582397095495, 0.7300515705236118, 0.8620450877471251, 0.9166078167449433, 0.9604163321255645, 0.976563301814529, 0.9902571913807349, 0.995098841920324, 0.9974594736935463, 0.9989785727907032, 1.0]
00000302;[0.4297897282505174, 0.46828235447437633, 0.709355226753298, 0.7802482647667679, 0.8852810641994556, 0.9255753004322222, 0.9642069148982644, 0.9811957766160736, 0.9896623041679926, 0.9938508220072715, 0.9967129758600171, 0.998513881653776, 1.0]
00000303;[0.585662241982979, 0.6258249269810588, 0.846480132528179, 0.8957698951150456, 0.9524069360998912, 0.9810655786569583, 0.9927114879224704, 0.9958788004764004, 0.9980134717808683, 0.9980134717808683, 0.9980134717808683, 1.0, 1.0]
00000300;[0.3734113734008305, 0.4064911351524628, 0.6819305196165066, 0.7582973221671507, 0.8757527877483408, 0.9232557477573211, 0.9634345435180932, 0.9793635839292375, 0.9903791856703046, 0.9947270405474563, 0.9971817966417983, 0.9988366883896654, 1.0]
00000401;[0.3154751627373447, 0.3463628195714871, 0.64381750434858, 0.7279854483656967, 0.8565877917914785, 0.9091797554495858, 0.9551506454891558, 0.9714628347541427, 0.9871007298960701, 0.9931178526392428, 0.9969305204083254, 0.9992236649341029, 1.0]
00000402;[0.4429215368699016, 0.48479271257047857, 0.7213256839042038, 0.7903575340619444, 0.890888142986518, 0.9282331296485258, 0.9674363403278164, 0.9809439166658158, 0.9931551179176025, 0.9967548558382211, 0.998619141158653, 0.9995966690413596, 1.0]
00000403;[0.5944768424151327, 0.6304389348616396, 0.817631124303683, 0.8710452755737507, 0.9443685832686716, 0.9699464646915869, 0.9866277307207318, 0.9964129156442636, 0.9974021527234678, 0.9988295413378672, 1.0, 1.0, 1.0]
00000400;[0.3808205725069091, 0.4163390727705377, 0.683811419416774, 0.7604645075053966, 0.8749473152938894, 0.9200204010575682, 0.9617227424174722, 0.9765639193414797, 0.99005687110276, 0.9948678008980832, 0.9977648826800594, 0.9994132342546244, 1.0]
00000501;[0.3048581590861999, 0.3401099718407097, 0.6132140180199184, 0.7035011488800067, 0.8360111036465888, 0.9008813304009524, 0.9505424639138843, 0.9715083395294215, 0.9882272302360312, 0.9948184867742178, 0.9973047087368646, 0.9993451840150281, 1.0]
00000502;[0.43517620911871474, 0.4771205029475796, 0.7087332697520548, 0.780657643615706, 0.8827318488386661, 0.9238839516255112, 0.9679849906429945, 0.982603793725079, 0.9929490488457288, 0.9970363025570567, 0.9987849363162707, 0.9992433796236175, 1.0]
00000503;[0.5902413088238173, 0.6315079041210051, 0.8218753736904224, 0.8671690081840749, 0.94571157324971, 0.9684218325085225, 0.9920179051475061, 0.9967239782659952, 0.9986270274419223, 1.0, 1.0, 1.0, 1.0]
00000500;[0.3723246537865423, 0.41060121767154006, 0.6627772184151212, 0.7432545372182283, 0.860632928722172, 0.9137452885768466, 0.9597733702967414, 0.9773175539862211, 0.990681926689981, 0.9959867370149417, 0.9980441431785706, 0.9993386908761517, 1.0]
00000601;[0.40718927053949083, 0.45573486515615025, 0.7026686914971539, 0.7723651826596568, 0.8767496492782241, 0.9223856576683487, 0.9653610580539116, 0.980763751170347, 0.9927628985025773, 0.9967278893278069, 0.9986786648110287, 0.9995310635858883, 1.0]
00000602;[0.5089132202452492, 0.5602586666499748, 0.7896333484825113, 0.8485312215540786, 0.9330014020603393, 0.9586861945394268, 0.9821808410247665, 0.9899074993030826, 0.9948210560028163, 0.9971843435088636, 0.9986750325490068, 0.9996129941916039, 1.0]
00000603;[0.6493003776640197, 0.6962645082940159, 0.8650716244029544, 0.9252356337418781, 0.9640002584095224, 0.9804769468527826, 0.9932594034179713, 0.9969013639225285, 0.9978218274600752, 0.9978218274600752, 1.0, 1.0, 1.0]
00000600;[0.4608613544185132, 0.5104922871520662, 0.7463302009709675, 0.8111583421883257, 0.9039684953557229, 0.9400463472902193, 0.9735965187396116, 0.9852939883190474, 0.9938625392174031, 0.9969715452720437, 0.9987501859426188, 0.9995895444607453, 1.0]
00000701;[0.5563076215952388, 0.6124869909714578, 0.8557482137833904, 0.90288790903019, 0.9621025941337934, 0.9807186245081828, 0.9917565438662352, 0.9964886036335807, 0.998880550755403, 0.9996308518580338, 1.0, 1.0, 1.0]
00000702;[0.6328480033600452, 0.6805000060295118, 0.8873659580396533, 0.9284072889336509, 0.976944512164416, 0.9890239037666672, 0.996168959999608, 0.9981248861858796, 0.9991135617820828, 0.9995211556221156, 0.9998553825704644, 0.9998553825704644, 1.0]
00000703;[0.7064378558113585, 0.7700265175230591, 0.922528311258954, 0.958920975968699, 0.9781821375380055, 0.9927365371148228, 0.9981804908653428, 0.9990852898967888, 1.0, 1.0, 1.0, 1.0, 1.0]
00000700;[0.5960326904959052, 0.6493310234423391, 0.8724602713352069, 0.9165109303425909, 0.968971320843912, 0.9847213342154737, 0.9939132201859253, 0.9973019697078959, 0.9990429853664107, 0.9996102436742352, 0.9999424949683428, 0.9999424949683428, 1.0]
00000801;[0.591088447064083, 0.6515538996701516, 0.8803683046295423, 0.9175747897919061, 0.9651069229365437, 0.9794736921687368, 0.9902212364877799, 0.9937937751741583, 0.9978569060536041, 0.9991597432215493, 0.9991597432215493, 1.0, 1.0]
00000802;[0.6566137442298662, 0.7017978971015318, 0.8954652062975195, 0.9358228511786, 0.9739918521498004, 0.9885904829663738, 0.9974539001443441, 0.998085238399494, 1.0, 1.0, 1.0, 1.0, 1.0]
00000803;[0.7374761689450742, 0.7825021413853667, 0.9080512373144046, 0.9582087213356372, 0.9859584768242553, 1.0, 1.0, 1.0, 1.0, 1.0, 1.0, 1.0, 1.0]
00000800;[0.6242960624670978, 0.6778966565234388, 0.887655401369326, 0.9267508002715142, 0.9697291535754172, 0.9841562669087414, 0.9935843610819554, 0.9958111126925769, 0.998812636971874, 0.9995344628570565, 0.9995344628570565, 1.0, 1.0]
00000001;[0.36309882703958946, 0.4000294139790584, 0.6829109695440857, 0.7594002126955756, 0.8752748368399436, 0.9241719358041519, 0.9636061191003504, 0.9786961538053065, 0.9907569910963422, 0.995328755493398, 0.9976737131626728, 0.9991055102010387, 1.0]
00000002;[0.47793513312113145, 0.5211677762890256, 0.7529624941412432, 0.816444685675807, 0.907854081289015, 0.9411540802415803, 0.973331024689621, 0.9848922924675443, 0.9932458660375096, 0.996419193729552, 0.9983707902573657, 0.9993280793593985, 1.0]
00000003;[0.618908382092487, 0.6623248900265367, 0.849887879813435, 0.8984467074901936, 0.9565908812439894, 0.9779334320217927, 0.9923062326585372, 0.9970387534550763, 0.99854240955656, 0.9989368919941971, 0.9997455809901962, 1.0, 1.0]
00000000;[0.4225684205940793, 0.4623999998600475, 0.7198315786632921, 0.7896421049560921, 0.892631578678704, 0.9338105261529863, 0.9690105262407612, 0.9821473683515523, 0.992168421018342, 0.9959578947224285, 0.9980631578883532, 0.9992421052604679, 1.0]
